"1","2","3","4","5","Patricia Aakhus","Hans Aanrud","David Aaron","Rachel Aaron","Soazig Aaron","Ben Aaronovitch","Alexander Aaronsohn","Héctor Abad Faciolince","Christopher Abani","Sait Faik Abasıyanık","Carmine Abate","Christina Abbey","Edward Abbey","Henry Abbey","Lynn Abbey","Edwin A. Abbott","Eleanor Hallowell Abbott","George Frederick Abbott","Jacob Abbott","John S. C. Abbott","Megan Abbott","Mohammed ibn Hajj al-Abdari al-Fasi","Mohammed al-Abdari al-Hihi","Abdelkrim al-Khattabi","Abd al-Qadir al-Fasi","Kōbō Abe","Shana Abé","Peter Abelard","Robert Abernathy","Walter Abish","Leila Abouzeid","Daniel Abraham","Marc Abrahams","Abu al-Abbas as-Sabti","Abu Imran al-Fasi","Abu Muqri Mohammed al-Battiwi","Milton Abramowitz","Mohammed Achaari","Chinua Achebe","Said Achtouk","André Aciman","Forrest J. Ackerman","Martha Ackmann","Anna Adams","Douglas Adams","Richard Adams","Robert Adams","Jean Adamson","Abd al-Wahhab Adarrak","Mirza Adeeb","Chimamanda Ngozi Adichie","Halide Edip Adıvar","Aesop","Leo Africanus","John Agard","Shimon Agassi","Zechariah Aghmati","Cecelia Ahern","Jerry Ahern","Najiba Ahmad","Ahmet Vefik Paşa","Alfred Aho","Ilse Aichinger","Ama Ata Aidoo","Conrad Aiken","Yusuf Akcura","Mohammed Akensus","Abd as-Salam al-Alami","Mohammed ibn Mohammed Alami","Mohammed ibn al-Tayyib al-Alami","Idriss ibn al-Hassan al-Alami","Kaddour El Alamy","Ahmad al-Tayyeb Aldj","Alev Alatlı","Edward Albee","Susan Wittig Albert","Mitch Albom","Louisa May Alcott","Hugh Aldersey-Williams","Brian Aldiss","Rochelle Alers","Isaac Alfasi","Jean Le Rond d'Alembert","Kate Alexander (pseudonym of ","Lloyd Alexander","Trisha Alexander (pseudonym of ","Sherman Alexie","Benjamin Alire Sáenz","Tewfik Allal","Barbara Allen","Charlotte Vale Allen","John Allen","John Allen","Roger MacBride Allen","Thomas B. Allen","Isabel Allende","Aaron Allston","Germano Almeida","David Almond","Steve Almond","Steve Alten","Joseph Alexander Altsheler","Mor Altshuler","Andrej Amalrik","Eric Ambler","Ellis Amburn","Kingsley Amis","Martin Amis","Idriss al-Amraoui","Mohammed ibn Idris al-Amrawi","Anurag Anand","Rudolfo Anaya","Hans Christian Andersen","Susan Andersen","Catherine Anderson","Kevin J. Anderson","Matthew Tobin Anderson","Poul Anderson","V. C. Andrews","Ivo Andrić","Maya Angelou","Threes Anna","Khwaja Muhammad Latif Ansari","Marion Anstis","Piers Anthony","Christopher Anvil","Robert Anwood","Gosho Aoyama","Guillaume Apollinaire","Maja Apostoloska","Jacob M. Appel","Max Apple","Lisa Appignanesi","K. A. Applegate","Lisa Rose Apramian","Ann Catrin Apstein-Müller","Pawlu Aquilina","Louis Aragon","Mohammed al-Arbi al-Fasi","Jeffrey Archer","Jennifer Archer","Aristophanes","Aristotle","Tilly Armstrong","William H. Armstrong","Arnab Jan Deka","Céline Arnauld","Fernando Arrabal","Antonin Artaud","Catherine Asaro","Birgit Aschmann","Jay Asher","Isaac Asimov","Janet Asimov","Robert Asprin","Clare Asquith","Lady Cynthia Asquith","Miguel Ángel Asturias","M. E. Atkinson","William Walker Atkinson","Amelia Atwater-Rhodes","Margaret Atwood","Hennie Aucamp","St. ","Jean Auel","Steve Augarde","Jane Austen","Paul Auster","Jane G. Austin","Mohammed Awzal","Jan Axelson","Fatma Aydemir","Marcel Ayme","Abu Salim al-Ayyashi","Nabil Ayouch"," Qadi Ayyad ben Moussa","Ali Azaykou","Abu al-Abbas al-Azafi","Kiyohiko Azuma","v","t","e","Afrikaans","Albanian","Arabic","Armenian","Assamese","Belarusian","Bengali","Bosnian","Bulgarian","Chinese","Catalan","Canadian","Croatian","Danish","Dutch","English","French","German","Greek","Gujarati","Hebrew","Hindi","Icelandic","Indonesian","Irish","Italian","Japanese","Kannada","Kashmiri","Konkani","Latin","Maithili","Malaysian","Malayalam","Maltese","Manipuri","Marathi","Nepali","Oriya","Pashto","Pennsylvania Dutch","Persian","Polish","Portuguese","Punjabi","Rajasthani","Romanian","Russian","Sanskrit","Scottish","Sindhi","Slovak","Slovenian","Sorbian","Spanish","Swedish","Tamil","Telugu","Turkic","Ukrainian","Urdu","Uzbek","Welsh","Afghan","American","Argentine","Australian","Austrian","Bangladeshi","Bosniak","Brazilian","Breton","Canadian","Chicano","Estonian","Finnish","Greek","Indian","Iranian","Irish","Mexican","Nepali","New Zealander","Nicaraguan","Nigerian","Ottoman","Pakistani","Peruvian","Romani","Romanian","South African","Sudanese","Swedish","Swiss","Turkish","Anarchist","Feminist","Lyric","Modernist","National","Performance","Speculative","Surrealist","War","Women","Lists of authors by name","Articles with short description","Not logged in","Talk","Contributions","Create account","Log in","Article","Talk","Read","Edit","View history","Main page","Contents","Featured content","Current events","Random article","Donate to Wikipedia","Wikipedia store","Help","About Wikipedia","Community portal","Recent changes","Contact page","What links here","Related changes","Upload file","Special pages","Permanent link","Page information","Wikidata item","Cite this page","Wikisource","Create a book","Download as PDF","Printable version","Afrikaans","Deutsch","Türkçe"," This page was last edited on 7 August 2019, at 21:22","Text is available under the ","Privacy policy","About Wikipedia","Disclaimers","Contact Wikipedia","Developers","Cookie statement","Mobile view","
						","
						","1","2","3","4","5","6","Fredrik Backman","Abd al-Haqq al-Badisi","Yaba Badoe","Enid Bagnold","Louise Bagshawe","Paul Bailey","Latifa Baka","Anne Baker","Deb Baker","James Robert Baker","Kage Baker","R. Scott Bakker","David Baldacci","Faith Baldwin","James Baldwin","Carol Ballard","J.G. Ballard","Todhunter Ballard","Blue Balliett","Mary Balogh","Honoré de Balzac","Biyi Bandele","Iain M. Banks","Lynne Reid Banks","Russell Banks","Helen Bannerman","Ann Bannon","Muriel Barbery","Michele Bardsley","Burl Barer","Alessandro Baricco","Sabine Baring-Gould","René Barjavel","Dan Barker","Jeffrey E. Barlough","Neal D. Barnard","Eric J Barnes","John Barnes","Julian Barnes","Steven Barnes","Will C. Barnes","Jill Barnett","Wilton Barnhardt","Nevada Barr","Tony Barrell","Andrea Barrett","Jo Barrett","Lindsay Barrett","Lynne Barrett","J. M. Barrie","Mark Barrowcliffe","Angela Barry","Dave Barry","Max Barry","John Barth","David Barton","T. J. Bass","Frédéric Bastiat","Georges Bataille","James Bateman","Arlo Bates","Joseph Bathanti","Laarbi Batma","Enis Batur","Charles Pierre Baudelaire","L. Frank Baum","Stephen Baxter","Rick Bayan","Mohammed al-Baydhaq","William Bayer","""BB"" (","Greg Bear","Delilah L. Beasley","Doug Beason","Patricia Beatty","Sally Beauman","Pierre Beaumarchais","Charles Beaumont","Jeanne-Marie Leprince de Beaumont","Simone de Beauvoir","Margaret Bechard","Herbert L. Becker","Chris Beckett","Samuel Beckett","Gustavo Adolfo Bécquer","Jimmy B. Bedford","Simi Bedford","Albrecht Behmel","Horace Bell","John Bellairs","Hillaire Belloc","Saul Bellow","David ben Abraham al-Fasi","Mohammed Ben Brahim","Siham Benchekroun","Ahmed Benchemsi","Rajae Benchemsi","Peter Benchley","Don Bendell","Juan Benet","Gregory Benford","Esther Bendahan","Abdelmajid Benjelloun","Abdelmajid Benjelloun","Tahar Ben Jelloun","Dunash ben Labrat","Abdeslam Ben Mchich","Judah ben Nissim","Mohammed Suerte Bennani","Arnold Bennett","Mohammed Bennis","Khnata Bennouna","Eran Ben-Shahar","Khnata bent Bakkar","Mohammed Benzakour","Berechiah ha-Nakdan","Paul Berna","Steve Berry","Betty Berzon","Sir Walter Besant","Alfred Bester","Elizabeth Bevarly","Jo Beverley","Bhabananda Deka","Elizabeth Bibesco","Ambrose Bierce","Earl Derr Biggers","Maeve Binchy","Eando Binder","Charlotte Bingham","Christopher Bird","Jessica Bird","Stephen Birnbaum","Terry Bisson","Jerome Bixby","Jenna Black","William Black","Malorie Blackman","Yaakov Blau","Diana Blayne","Emma Helen Blair","Jennifer Blake","William J. Blake","August Blanche","Hanne Blank","William Peter Blatty","Peter Blauner","James P. Blaylock","James Blish","Edward Blishen","Robert Bloch","Judy Blume","Robert Bly","Mary Bly","Enid Blyton","Heinrich Böll","Godfried Bomans","Michael Bond","Nelson S. Bond","Ruskin Bond","Kurt Boone","Leslie Bonnet","Stanley Booth","Jorge Luis Borges","Herman Charles Bosman","Lucy M. Boston","James Boswell","Allan R. Bosworth","J. Allan Bosworth","Anthony Boucher","Ali Bourequat","Ahmed Bouzfour","Ben Bova","James Bovard","William Boyd","Kay Boyle","John Boyne","Leigh Brackett","Ray Bradbury","Arthur Bradford","Barbara Taylor Bradford","Marion Zimmer Bradley","Ann Brashares","Wallace Breem","Ian Bremmer","Martin Stanislaus Brennan","Frederick Sadleir Brereton","Reginald Bretnor","Thomas Brezina","John Briley","Dougie Brimson","David Brin","André Brink","Annette Broadrick","Connie Brockway","Damien Broderick","Gerald Brom","Vincent Brome","Louis Bromfield","Anne Brontë","Charlotte Brontë","Emily Brontë","Anita Brookner","Lauren Brooke","P.J. Brooke","Geraldine Brooks","Gwendolyn Brooks","Kristi Brooks","Terry Brooks","Rhoda Broughton","Babette Brown","Charles Brockden Brown","Charles Hopel Brown","Dan Brown","Daniel James Brown","Eric Brown","Fredric Brown","Marcia Brown","Sandra Brown","Gerald A. Browne","Harry Browne","Sir Thomas Browne","Dixie Browning","Anatole Broyard","Heðin Brú","Walter Brueggemann","Ken Bruen","Jean de Brunhoff","John Brunner","Steven Brust","Bill Bryson","Kenneth C. Bucchi","Elizabeth Buchan","John Buchan","Edna Buchanan","Anthony Buckeridge","Nancy Buckingham","Algis Budrys","Thomas Lindsay Buick","Lois McMaster Bujold","Charles Bukowski","Mikhail Bulgakov","John Bunyan","Eleanor Burford","Alan Burgess","Anthony Burgess","Sheila Burnford","Frances Hodgson Burnett","Frances Burney","Sarah Burney","Bryan Burrough","Augusten Xon Burroughs","Dillon Burroughs","Edgar Rice Burroughs","Franklin Burroughs","William S. Burroughs","Hester Burton","Virginia Lee Burton","Jim Butcher","Octavia E. Butler","Susan Bulkeley Butler","Ray Buttigieg","A. S. Byatt","John Byrne","Paula Byrne","Rhonda Byrne","v","t","e","Afrikaans","Albanian","Arabic","Armenian","Assamese","Belarusian","Bengali","Bosnian","Bulgarian","Chinese","Catalan","Canadian","Croatian","Danish","Dutch","English","French","German","Greek","Gujarati","Hebrew","Hindi","Icelandic","Indonesian","Irish","Italian","Japanese","Kannada","Kashmiri","Konkani","Latin","Maithili","Malaysian","Malayalam","Maltese","Manipuri","Marathi","Nepali","Oriya","Pashto","Pennsylvania Dutch","Persian","Polish","Portuguese","Punjabi","Rajasthani","Romanian","Russian","Sanskrit","Scottish","Sindhi","Slovak","Slovenian","Sorbian","Spanish","Swedish","Tamil","Telugu","Turkic","Ukrainian","Urdu","Uzbek","Welsh","Afghan","American","Argentine","Australian","Austrian","Bangladeshi","Bosniak","Brazilian","Breton","Canadian","Chicano","Estonian","Finnish","Greek","Indian","Iranian","Irish","Mexican","Nepali","New Zealander","Nicaraguan","Nigerian","Ottoman","Pakistani","Peruvian","Romani","Romanian","South African","Sudanese","Swedish","Swiss","Turkish","Anarchist","Feminist","Lyric","Modernist","National","Performance","Speculative","Surrealist","War","Women","Lists of authors by name","Not logged in","Talk","Contributions","Create account","Log in","Article","Talk","Read","Edit","View history","Main page","Contents","Featured content","Current events","Random article","Donate to Wikipedia","Wikipedia store","Help","About Wikipedia","Community portal","Recent changes","Contact page","What links here","Related changes","Upload file","Special pages","Permanent link","Page information","Wikidata item","Cite this page","Wikisource","Create a book","Download as PDF","Printable version","Afrikaans","Deutsch","Türkçe"," This page was last edited on 5 February 2019, at 21:20","Text is available under the ","Privacy policy","About Wikipedia","Disclaimers","Contact Wikipedia","Developers","Cookie statement","Mobile view","
						","
						","1","2","3","4","5","James Branch Cabell","Meg Cabot","James M. Cain","Erskine Caldwell","Pat Cadigan","Andrea Cagan","Susan Cain","Janet Caird","Brian Callison","Eleanor Cameron","Candace Camp","John W. Campbell","Ramsey Campbell","Albert Camus","Jack Canfield","Ethan Canin","Truman Capote","Orson Scott Card","Jan Carew","Peter Carey","Eric Carle","Liz Carlyle","Stokely Carmichael","Isobelle Carmody","Otto Maria Carpeaux","Edmund Snow Carpenter","John Dickson Carr","Terry Carr","Julio Carreras","Lewis Carroll","Philippa Carr","Robyn Carr","John le Carré","Harold H. Carstens","Ally Carter","Angela Carter","Brian Carter","Lin Carter","Martin Carter","Peter Carter","Barbara Cartland","Justin Cartwright","Jeffrey Carver","Raymond Carver","Kate Cary","Kristin Cashore","Zoe Cass","Neal Cassady","Nick Catalano","Willa Cather","Clare Cavendish","Denys Cazet","Camilo José Cela","Peride Celal","Miguel de Cervantes","Michael Chabon","Angie Chabram-Dernersesian","David Chadwick (doctor)","Jack L. Chalker","Aidan Chambers","A. Bertram Chandler","Jessie Chandler","Raymond Chandler","Stephen T. Chang","Iris Chang","William Ellery Channing","James Chapman","Geoffrey Chaucer","Nirad C. Chaudhuri","James Hadley Chase","John Cheever","Anton Chekhov","Ron Chernow","C. J. Cherryh","Simon Cheshire","Marion Chesney","Denise Chesterton","G. K. Chesterton","Tracy Chevalier","Ted Chiang","Lee Child","Charles Chilton","Mary Cholmondeley","Noam Chomsky","Deepak Chopra","Kate Chopin","Jill Christian","Agatha Christie","John Christopher","Satyabrata Rai Chowdhuri","Ralph Chubb","Alfred John Church","Winston Churchill","Winston Churchill","Scott Ciencin","Sandra Cisneros","Robert Citino","Emil Cioran","Margaret St. Clair","Tom Clancy","Cassandra Clare","Carol Higgins Clark","Mary Higgins Clark","Thomas D. Clark","Anna Clarke","Arthur C. Clarke","Pauline Clarke","George Samuel Clason","Hugo Claus","Jo Clayton","Meg Waite Clayton","Beverly Cleary","Jon Cleary","Brian Cleeve","Samuel Clemens (""","Hal Clement","Mark Clifton","Emma Cline","Ernest Cline","Bill Clinton","Brenda Clough","Susan Clymer","Wendy Coakley-Thompson","Sheila Coates","Harlan Coben","Stanton A. Coblentz","Jean Cocteau","Paulo Coelho","John Maxwell Coetzee","Raphael H. Cohen","Shaughnessy Cohen","Emily Colas","Martina Cole","Samuel Taylor Coleridge","Colette","Eoin Colfer","William Gershom Collingwood","Jackie Collins","Larry Collins","Max Allan Collins","Suzanne Collins","Michael Collins","Norman Collins","Wilkie Collins","Carlo ""Collodi"" Lorenzini","Harriet Theresa Comstock","Groff Conklin","William Congreve","Jane Leslie Conly","Joseph Conrad","Lauren Conrad","Damian Conway","Glen Cook","Robin Cook","James Francis Cooke","Catherine Cookson","Susan Coolidge","Caroline B. Cooney","Carolyn Cooper","Dennis Cooper","Glenn Cooper","James Fenimore Cooper","Jilly Cooper","Susan Cooper","Lori Copeland","Peter Corey","Bernard Cornwell","Patricia Cornwell","Julio Cortázar","Joseph Seamon Cotter, Sr.","John Cotton","Catherine Coulter","Douglas Coupland","Georges Courteline","Bryce Courtenay","Caroline Courtney","Bruce Coville","Josephine Cox","Stephen R. Covey","Sean Covey","Amanda Craig","Robert Crais","Stephen Crane","Max Crawford","John Creasey","Sharon Creech","Dave Crenshaw","Jean-Paul Crespelle","Helen Cresswell","Jasmine Cresswell","Michael Crichton","Millie Criswell","Richmal Crompton","A. J. Cronin","Compton N. Crook","Gillian Cross","Blake Crouch","Aleister Crowley","Andrew Crumey","Ridgwell Cullum","Chris Culver","E. E. Cummings","Will Cuppy","Christopher Paul Curtis","Lionel Curtis","Katy Currie","Jane Louise Curry","James Oliver Curwood","Clive Cussler","Emil Czyrniański","v","t","e","Afrikaans","Albanian","Arabic","Armenian","Assamese","Belarusian","Bengali","Bosnian","Bulgarian","Chinese","Catalan","Canadian","Croatian","Danish","Dutch","English","French","German","Greek","Gujarati","Hebrew","Hindi","Icelandic","Indonesian","Irish","Italian","Japanese","Kannada","Kashmiri","Konkani","Latin","Maithili","Malaysian","Malayalam","Maltese","Manipuri","Marathi","Nepali","Oriya","Pashto","Pennsylvania Dutch","Persian","Polish","Portuguese","Punjabi","Rajasthani","Romanian","Russian","Sanskrit","Scottish","Sindhi","Slovak","Slovenian","Sorbian","Spanish","Swedish","Tamil","Telugu","Turkic","Ukrainian","Urdu","Uzbek","Welsh","Afghan","American","Argentine","Australian","Austrian","Bangladeshi","Bosniak","Brazilian","Breton","Canadian","Chicano","Estonian","Finnish","Greek","Indian","Iranian","Irish","Mexican","Nepali","New Zealander","Nicaraguan","Nigerian","Ottoman","Pakistani","Peruvian","Romani","Romanian","South African","Sudanese","Swedish","Swiss","Turkish","Anarchist","Feminist","Lyric","Modernist","National","Performance","Speculative","Surrealist","War","Women","Lists of authors by name","Not logged in","Talk","Contributions","Create account","Log in","Article","Talk","Read","Edit","View history","Main page","Contents","Featured content","Current events","Random article","Donate to Wikipedia","Wikipedia store","Help","About Wikipedia","Community portal","Recent changes","Contact page","What links here","Related changes","Upload file","Special pages","Permanent link","Page information","Wikidata item","Cite this page","Wikisource","Create a book","Download as PDF","Printable version","Afrikaans","Deutsch","Türkçe"," This page was last edited on 27 August 2019, at 23:19","Text is available under the ","Privacy policy","About Wikipedia","Disclaimers","Contact Wikipedia","Developers","Cookie statement","Mobile view","
						","
						","Marianna Debes Dahl","Roald Dahl","Janet Dailey","Claudia Dain","Ruth Jean Dale","Brian Daley","Jose Dalisay, Jr.","John Dalmas","Frank Daniel","Robert Mackenzie Daniel","David Scott Daniell","Peter Danielson","Erich von Däniken","Jack Dann","Dante","Paula Danziger","Emma Darcy","Iris Rainer Dart","Charles Darwin","James Dashner","Alphonse Daudet","Avram Davidson","MaryJanice Davidson","Adelle Davis","Dorothy Salisbury Davis","Lavinia R. Davis","Rennie Davis","Terry Davis","William Stearns Davis","Richard Dawkins","Geralyn Dawson","Divyesh Dutta","Marguerite de Angeli","Jeffery Deaver","L. Sprague de Camp","Miguel de Cervantes","Jean de La Fontaine","Charles de Lint","Gabriella De Ferrari","Kit Dealtry","Pamela Dean","Jeffery Deaver","Kenneth S. Deffeyes","Daniel Defoe","Len Deighton","Edward ""Ted"" Delaney","Samuel R. Delany","Philippe Delerm","Gilles Deleuze","Don DeLillo","Barbara Delinsky","Esther Delisle","Lester del Rey","Robert DeMott","Troy Denning","Lester Dent","Thomas De Quincey","August Derleth","Sarah Dessen","Miguel de Unamuno","Isak Dinesen","Laxmi Prasad Devkota","Jude Deveraux","Mahasweta Devi","Josie Dew","Nirpal Singh Dhaliwal","Ranj Dhaliwal","Jacqueline Diamond","Jared Diamond","Junot Díaz","Philip K. Dick","Charles Dickens","Peter Dickinson","Gordon R. Dickson","Denis Diderot","Joan Didion","Annie Dillard","Thomas DiLorenzo","William Direen","Thomas M. Disch","Franklin W. Dixon","Stephen Dixon","Cory Doctorow","E. L. Doctorow","Christina Dodd","Mary Mapes Dodge","Anthony Doerr","Harriet Doerr","Neel Doff","Angus Donald","Robyn Donald","Emmanuel Dongala","John Donne","John Dos Passos","Fyodor Dostoevsky","Carole Nelson Douglas","Norman Douglas","O. Douglas","James V. Downton","Apostolos Doxiadis","Adrian Conan Doyle","Arthur Conan Doyle","Gardner Dozois","Margaret Drabble","David Drake","Shannon Drake","Theodore Dreiser","Neil Druckmann","Ann Druyan","Dinesh D'Souza","William Pène du Bois","K. Sello Duiker","Alexandre Dumas, père","Alexandre Dumas, fils","Daphne du Maurier","Paul Laurence Dunbar","Sandy Frances Duncan","Carola Dunn","Gerina Dunwich","Jeanne DuPrau","Lee Duran","Francis Durbridge","David Anthony Durham","Gerald Durrell","Lawrence Durrell","John C. Dvorak","Stuart Dybek","Wayne Dyer","Baba Muhammad Dzukogi","v","t","e","Afrikaans","Albanian","Arabic","Armenian","Assamese","Belarusian","Bengali","Bosnian","Bulgarian","Chinese","Catalan","Canadian","Croatian","Danish","Dutch","English","French","German","Greek","Gujarati","Hebrew","Hindi","Icelandic","Indonesian","Irish","Italian","Japanese","Kannada","Kashmiri","Konkani","Latin","Maithili","Malaysian","Malayalam","Maltese","Manipuri","Marathi","Nepali","Oriya","Pashto","Pennsylvania Dutch","Persian","Polish","Portuguese","Punjabi","Rajasthani","Romanian","Russian","Sanskrit","Scottish","Sindhi","Slovak","Slovenian","Sorbian","Spanish","Swedish","Tamil","Telugu","Turkic","Ukrainian","Urdu","Uzbek","Welsh","Afghan","American","Argentine","Australian","Austrian","Bangladeshi","Bosniak","Brazilian","Breton","Canadian","Chicano","Estonian","Finnish","Greek","Indian","Iranian","Irish","Mexican","Nepali","New Zealander","Nicaraguan","Nigerian","Ottoman","Pakistani","Peruvian","Romani","Romanian","South African","Sudanese","Swedish","Swiss","Turkish","Anarchist","Feminist","Lyric","Modernist","National","Performance","Speculative","Surrealist","War","Women","Lists of authors by name","Not logged in","Talk","Contributions","Create account","Log in","Article","Talk","Read","Edit","View history","Main page","Contents","Featured content","Current events","Random article","Donate to Wikipedia","Wikipedia store","Help","About Wikipedia","Community portal","Recent changes","Contact page","What links here","Related changes","Upload file","Special pages","Permanent link","Page information","Wikidata item","Cite this page","Wikisource","Create a book","Download as PDF","Printable version","Afrikaans","Deutsch","Türkçe"," This page was last edited on 25 August 2019, at 18:00","Text is available under the ","Privacy policy","About Wikipedia","Disclaimers","Contact Wikipedia","Developers","Cookie statement","Mobile view","
						","
						","Kathleen Eagle","Margot Early","Martin Ebbertz","Jennifer Echols","Umberto Eco","Allan W. Eckert","C. M. Eddy, Jr.","Rosemary Edghill","Cassie Edwards","Kim Edwards","Michael Edwards","George Alec Effinger","Greg Egan","Dave Eggers","Albert Einstein","Suzette Haden Elgin","George Eliot","T.S. Eliot","William B. Ellern","Stephen Elliott","Bret Easton Ellis","Deborah Ellis","George F. Ellis","Harlan Ellison","J.T. Ellison","Gisela Elsner","Roger Elwood","Buchi Emecheta","Ralph Waldo Emerson","Louis Émond","Shūsaku Endō","Enheduanna","Suzanne Enoch","Alan Epstein","Elizabeth Enright","Louise Erdrich","Steve Erickson","Steven Erikson","Javier Abril Espinoza","Diana Evans","Bernardine Evaristo","Evelyn Ward Everett-Green","Evliya Çelebi","v","t","e","Afrikaans","Albanian","Arabic","Armenian","Assamese","Belarusian","Bengali","Bosnian","Bulgarian","Chinese","Catalan","Canadian","Croatian","Danish","Dutch","English","French","German","Greek","Gujarati","Hebrew","Hindi","Icelandic","Indonesian","Irish","Italian","Japanese","Kannada","Kashmiri","Konkani","Latin","Maithili","Malaysian","Malayalam","Maltese","Manipuri","Marathi","Nepali","Oriya","Pashto","Pennsylvania Dutch","Persian","Polish","Portuguese","Punjabi","Rajasthani","Romanian","Russian","Sanskrit","Scottish","Sindhi","Slovak","Slovenian","Sorbian","Spanish","Swedish","Tamil","Telugu","Turkic","Ukrainian","Urdu","Uzbek","Welsh","Afghan","American","Argentine","Australian","Austrian","Bangladeshi","Bosniak","Brazilian","Breton","Canadian","Chicano","Estonian","Finnish","Greek","Indian","Iranian","Irish","Mexican","Nepali","New Zealander","Nicaraguan","Nigerian","Ottoman","Pakistani","Peruvian","Romani","Romanian","South African","Sudanese","Swedish","Swiss","Turkish","Anarchist","Feminist","Lyric","Modernist","National","Performance","Speculative","Surrealist","War","Women","Lists of authors by name","Use dmy dates from October 2010","Not logged in","Talk","Contributions","Create account","Log in","Article","Talk","Read","Edit","View history","Main page","Contents","Featured content","Current events","Random article","Donate to Wikipedia","Wikipedia store","Help","About Wikipedia","Community portal","Recent changes","Contact page","What links here","Related changes","Upload file","Special pages","Permanent link","Page information","Wikidata item","Cite this page","Wikisource","Create a book","Download as PDF","Printable version","Afrikaans","Deutsch","Türkçe"," This page was last edited on 25 June 2019, at 16:30","Text is available under the ","Privacy policy","About Wikipedia","Disclaimers","Contact Wikipedia","Developers","Cookie statement","Mobile view","
						","
						","1","2","3","4","5","6","Linda Fairstein","Anthony Faramus","John Fante","Nuruddin Farah","Nancy Farmer","Penelope Farmer","Philip José Farmer","Howard Fast","Tarek Fatah","William Faulkner","Madame de La Fayette","Jane Feather","Constance Fecher","Wayne Federman","David Feintuch","Raymond Feist","Forrest Fenn","Lionel Fenn","Edna Ferber","Fanny Fern","Marie Ferrarella","Eduard von Feuchtersleben","Malcolm Fewtrell","Katie Fforde","Jasper Fforde","Eugene Field","Helen Fielding","Amanda Filipacchi","Charles Finch","Anne Fine","Thomas Fink","Fiona Finlay","Jack Finney","Ronald Firbank","Louis Fischer","Tim Fish","Timothy Fish","Catherine Fisher","Jon Fisher","Nicholas Fisk","John D. Fitzgerald","F. Scott Fitzgerald","Penelope Fitzgerald","John Flanagan","Gustave Flaubert","Cardine Fleming","Caroline Fleming","Ian Fleming","Eric Flint","R. Barri Flowers","Chris Flynn","Michael Flynn","Ken Follett","Mary Hallock Foote","Esther Forbes","Elbur Ford","Ford Madox Ford","Norrey Ford","Antonia Forest","C. S. Forester","Richard Forno","Helen Forrester","William R. Forstchen","E. M. Forster","Drew Fortier","Robert L. Forward","Jon Fosse","Alan Dean Foster","Lori Foster","Mo Foster","Michel Foucault","Karen Joy Fowler","Mem Fox","Randall Frakes","Anne Frank","Bruno Frank","André Franquin","Antonia Fraser","Raymond Fraser","Ian Frazier","Barbara C. Freeman","Douglas S. Freeman","R. Austin Freeman","Allen French","Ashley French","Jackie French","James Frey","Joseph Friedenson","C. S. Friedman","David D. Friedman","Richard Elliott Friedman","Robert Frost","Athol Fugard","Robert Fulghum","Jean Overton Fuller","Alice Fulton","Cornelia Funke","Bilkisu Funtuwa","v","t","e","Afrikaans","Albanian","Arabic","Armenian","Assamese","Belarusian","Bengali","Bosnian","Bulgarian","Chinese","Catalan","Canadian","Croatian","Danish","Dutch","English","French","German","Greek","Gujarati","Hebrew","Hindi","Icelandic","Indonesian","Irish","Italian","Japanese","Kannada","Kashmiri","Konkani","Latin","Maithili","Malaysian","Malayalam","Maltese","Manipuri","Marathi","Nepali","Oriya","Pashto","Pennsylvania Dutch","Persian","Polish","Portuguese","Punjabi","Rajasthani","Romanian","Russian","Sanskrit","Scottish","Sindhi","Slovak","Slovenian","Sorbian","Spanish","Swedish","Tamil","Telugu","Turkic","Ukrainian","Urdu","Uzbek","Welsh","Afghan","American","Argentine","Australian","Austrian","Bangladeshi","Bosniak","Brazilian","Breton","Canadian","Chicano","Estonian","Finnish","Greek","Indian","Iranian","Irish","Mexican","Nepali","New Zealander","Nicaraguan","Nigerian","Ottoman","Pakistani","Peruvian","Romani","Romanian","South African","Sudanese","Swedish","Swiss","Turkish","Anarchist","Feminist","Lyric","Modernist","National","Performance","Speculative","Surrealist","War","Women","Lists of authors by name","Use dmy dates from October 2010","Not logged in","Talk","Contributions","Create account","Log in","Article","Talk","Read","Edit","View history","Main page","Contents","Featured content","Current events","Random article","Donate to Wikipedia","Wikipedia store","Help","About Wikipedia","Community portal","Recent changes","Contact page","What links here","Related changes","Upload file","Special pages","Permanent link","Page information","Wikidata item","Cite this page","Wikisource","Create a book","Download as PDF","Printable version","Afrikaans","Deutsch","Türkçe"," This page was last edited on 1 August 2019, at 23:13","Text is available under the ","Privacy policy","About Wikipedia","Disclaimers","Contact Wikipedia","Developers","Cookie statement","Mobile view","
						","
						","1","2","3","4","5","Diana Gabaldon","William Gaddis","Patricia Gaffney","Neil Gaiman","Abby Gaines","Antonio Gala","Raymond Z. Gallun","Daniel F. Galouye","Mohandas Karamchand Gandhi","Ernest K. Gann","Jack Gantos","Federico García Lorca","Gabriel García Márquez","James Alan Gardner","Anu Garg","Dorothy Garlock","Alan Garner","Randall Garrett","Julie Garwood","Elizabeth Gaskell","Catherine Gaskin","William H. Gass","Nathalie Gassel","John Taylor Gatto","Elias Gaucher","Laurent Gaudé","David Gauthier","Roberta Gellis","Mary Gentle","Elizabeth George","Jean Craighead George","Michael Gerber (parodist)","Michael Gerber (non-fiction writer)","Hugo Gernsback","Tess Gerritsen","David Gerrold","Gina Gershon","Mark S. Geston","Edward Gibson","Barry Gifford","William Gibson","Emily Giffin","Anton Gill","Alexis A. Gilliland","Martin Gilbert","Charlotte Perkins Gilman","Ethan Gilsdorf","Fred Gipson","George Gissing","Marianne Githens","Malcolm Gladwell","Brian Glover","Robert Goddard","Rumer Godden","Gail Godwin","Tom Godwin","Nikolai Gogol","Ziya Gökalp","Kenneth Goldsmith","H.L. Gold","Christopher Golden","John Henry Goldfrap","William Golding","Marcus J. Goldman","Oliver Goldsmith","Abe Goldstein","Daniel Jay Goleman","Witold Gombrowicz","Lorna Goodison","Terry Goodkind","Nadine Gordimer","Roderick Gordon","Maxim Gorky","Ed Gorman","Phyllis Gotlieb","Ron Goulart","Judith Gould","Stephen Jay Gould","Iris Gower","Stefan Grabiński","Françoise de Graffigny","Sue Grafton","Cork Graham","Heather Graham","Kenneth Grahame","Hardie Gramatky","Natalie Grams","Charles L. Grant","Kathryn Grant (pseudonym of ","Michael Grant (author)","Michael Grant (crime writer)","Günter Grass","Patricia Grasso","Robert Graves","Harriet Gray","John Gray","Andrew Greeley","Jane Green","Julien Green","John Green","John M. Green","Julien Green","Gael Greene","Graham Greene","Melissa Fay Greene","Robert Greene","Robert Greene","Sonia Greene","Tilly Greene","Jessica Gregson","Martin Greif","Kate Grenville","Frederick Philip Grove","Mildred Grieveson","W. E. B. Griffin","Geoffrey Grigson","Jacob and Wilhelm Grimm","Jon Courtenay Grimwood","Ken Grimwood","Leopold Hartley Grindon","Lester Grinspoon","John Grisham","Kathleen Clarice Groom","Elgin Groseclose","Annie Groves","Kim Gruenenfelder","Bernhard Grzimek","Paul Guimard","Wyman Guin","Romesh Gunesekera","Asriel Günzig","Abdulrazak Gurnah","Pedro Juan Gutiérrez","Rosa Guy","v","t","e","Afrikaans","Albanian","Arabic","Armenian","Assamese","Belarusian","Bengali","Bosnian","Bulgarian","Chinese","Catalan","Canadian","Croatian","Danish","Dutch","English","French","German","Greek","Gujarati","Hebrew","Hindi","Icelandic","Indonesian","Irish","Italian","Japanese","Kannada","Kashmiri","Konkani","Latin","Maithili","Malaysian","Malayalam","Maltese","Manipuri","Marathi","Nepali","Oriya","Pashto","Pennsylvania Dutch","Persian","Polish","Portuguese","Punjabi","Rajasthani","Romanian","Russian","Sanskrit","Scottish","Sindhi","Slovak","Slovenian","Sorbian","Spanish","Swedish","Tamil","Telugu","Turkic","Ukrainian","Urdu","Uzbek","Welsh","Afghan","American","Argentine","Australian","Austrian","Bangladeshi","Bosniak","Brazilian","Breton","Canadian","Chicano","Estonian","Finnish","Greek","Indian","Iranian","Irish","Mexican","Nepali","New Zealander","Nicaraguan","Nigerian","Ottoman","Pakistani","Peruvian","Romani","Romanian","South African","Sudanese","Swedish","Swiss","Turkish","Anarchist","Feminist","Lyric","Modernist","National","Performance","Speculative","Surrealist","War","Women","Lists of authors by name","Not logged in","Talk","Contributions","Create account","Log in","Article","Talk","Read","Edit","View history","Main page","Contents","Featured content","Current events","Random article","Donate to Wikipedia","Wikipedia store","Help","About Wikipedia","Community portal","Recent changes","Contact page","What links here","Related changes","Upload file","Special pages","Permanent link","Page information","Wikidata item","Cite this page","Wikisource","Create a book","Download as PDF","Printable version","Afrikaans","Deutsch","Türkçe"," This page was last edited on 8 April 2019, at 06:05","Text is available under the ","Privacy policy","About Wikipedia","Disclaimers","Contact Wikipedia","Developers","Cookie statement","Mobile view","
						","
						","1","2","3","4","5","Jürgen Habermas","David Hackworth","Mark Haddon","Margaret Peterson Haddix","Sebastian Haffner","H. Rider Haggard","Emily Hahn","Qurratulain Haider","Arthur Hailey","Yusuf Has Hajib","Joy Hakim","Jack C. Haldeman II","Joe Haldeman","Alex Haley","Parnell Hall","Bruce Barrymore Halpenny","Rosalie Ham","Barbara Hambly","Mohsin Hamid","Edmond Hamilton","Hervey Hamilton","Marguerite Hamilton","Patrick Hamilton","Peter F. Hamilton","Ruth Hamilton","Dashiell Hammett","Knut Hamsun","Daniel Handler","Kristin Hannah","Mark Victor Hansen","Bergtóra Hanusardóttir","Thomas Hardy","Charles Harness","E. Lynn Harris","Joanne Harris","Joel Chandler Harris","Sam Harris","Thomas Harris","Wilson Harris","Elizabeth Harrison","Harry Harrison","M. John Harrison","Lou Harry","Christopher Hart","Michael H. Hart","Peter Härtling","William K. Hartmann","Caroline Harvey","Alamgir Hashmi","Henry Hasse","Havank","Ethan Hawke","Karen Hawkins","Paula Hawkins","Noah Hawley","Julian Hawthorne","Nathaniel Hawthorne","Ernest Haycox","Jon Haylett","Shirley Hazzard","James Hearst","Roy Heath","Constance Heaven","Victor Heck","Allison Hedge Coke","Rebecca Heflin","Georg Wilhelm Friedrich Hegel","Martin Heidegger","William Heinesen","Robert A. Heinlein","Joseph Heller","Meshullam Feivush Heller","Guðrið Helmsdal","Rakel Helmsdal","Mark Helprin","Ernest Hemingway","Ebenezer Henderson","Zenna Henderson","Shirl Henke","Virginia Henley","Marguerite Henry","O. Henry","Agnes Herbert","Frank Herbert","Hans Herbjørnsrud","Johann Gottfried von Herder","Hergé","Miguel Hernández","Hans Herbjørnsrud","Don Herold","James Herriot","Hermann Hesse","Karen Hesse","Stéphane Hessel","Dorothy Hewett","Georgette Heyer","Carl Hiaasen","Brenda Hiatt","Jack Higgins","Kristan Higgins","Patricia Highsmith","Douglas Hill","Joe Hill","Grace Livingston Hill","Napoleon Hill","Tony Hillerman","Paris Hilton","Chester Himes","S.E. Hinton","Christopher Hinz","Lydia Hitchcock","Christopher Hitchens","Adolf Hitler","Tami Hoag","Mike Hoare","Russell Hoban","Thomas Hobbes","Merle Hodge","Peter Høeg","Abbie Hoffman","James P. Hogan","Shanna Hogan","Wendy Holden (born 1961)","Wendy Holden (born 1965)","Friedrich Hölderlin","Elizabeth Sanxay Holding","Jane Holland","Sarah Holland","Sheila Holland","Timothy Holme","Michael Holroyd","Frank L. Holt","Nathalia Holt","Victoria Holt","Homer","Ed Hooper","Kay Hooper","Anthony Hope","Christopher Hope","Paul Hornschemeier","Anthony Horowitz","Janette Turner Hospital","Khaled Hosseini","Jeanne Wakatsuki Houston","Elizabeth Jane Howard","Linda Howard","Robert E. Howard","Hannah Howell","Fred Hoyle","Bohumil Hrabal","L. Ron Hubbard","Nancy Hubbard","Lynn Huggins-Cooper","Dafydd ab Hugh","Dorothy B. Hughes","Victor Hugo","David Hume","Robert Humphrey","Angela Elwell Hunt","Stephen Hunt","Erin Hunter","Jillian Hunter","Louis C. Hunter","Zora Neale Hurston","Gregg Hurwitz","Siri Hustvedt","Shaun Hutson","Aldous Huxley","R.C. Hutchinson","v","t","e","Afrikaans","Albanian","Arabic","Armenian","Assamese","Belarusian","Bengali","Bosnian","Bulgarian","Chinese","Catalan","Canadian","Croatian","Danish","Dutch","English","French","German","Greek","Gujarati","Hebrew","Hindi","Icelandic","Indonesian","Irish","Italian","Japanese","Kannada","Kashmiri","Konkani","Latin","Maithili","Malaysian","Malayalam","Maltese","Manipuri","Marathi","Nepali","Oriya","Pashto","Pennsylvania Dutch","Persian","Polish","Portuguese","Punjabi","Rajasthani","Romanian","Russian","Sanskrit","Scottish","Sindhi","Slovak","Slovenian","Sorbian","Spanish","Swedish","Tamil","Telugu","Turkic","Ukrainian","Urdu","Uzbek","Welsh","Afghan","American","Argentine","Australian","Austrian","Bangladeshi","Bosniak","Brazilian","Breton","Canadian","Chicano","Estonian","Finnish","Greek","Indian","Iranian","Irish","Mexican","Nepali","New Zealander","Nicaraguan","Nigerian","Ottoman","Pakistani","Peruvian","Romani","Romanian","South African","Sudanese","Swedish","Swiss","Turkish","Anarchist","Feminist","Lyric","Modernist","National","Performance","Speculative","Surrealist","War","Women","Lists of authors by name","Not logged in","Talk","Contributions","Create account","Log in","Article","Talk","Read","Edit","View history","Main page","Contents","Featured content","Current events","Random article","Donate to Wikipedia","Wikipedia store","Help","About Wikipedia","Community portal","Recent changes","Contact page","What links here","Related changes","Upload file","Special pages","Permanent link","Page information","Wikidata item","Cite this page","Wikisource","Create a book","Download as PDF","Printable version","Afrikaans","Deutsch","Türkçe"," This page was last edited on 14 June 2019, at 18:12","Text is available under the ","Privacy policy","About Wikipedia","Disclaimers","Contact Wikipedia","Developers","Cookie statement","Mobile view","
						","
						","Lee Iacocca","Eva Ibbotson","Henrik Ibsen","Ibn Abi Zar","Mohammed ibn Adjurrum","Ismail ibn al-Ahmar","Ahmad ibn Ajiba","Mohammed Ibn Amr","Abu Abdallah ibn Askar","Abu Jafar ibn Atiyya","Abd Allah ibn Azzuz","Ibn Bajjah","Ibn al-Banna al-Marrakushi","Ibn Battuta","Ibn Ghazi al-Miknasi","Muhammad Ibn al-Habib","Hamdun ibn al-Hajj al-Fasi","Ahmad ibn Hamdun ibn al-Hajj","Ali ibn Harzihim","Ibn Idhari","Ahmad ibn Idris al-Fasi","Ibn Juzayy","Ibn al-Khabbaza","Mohammed al-Tayyib ibn Kiran","Ahmad ibn Munim al-Abdari","Malik ibn al-Murahhal","Ahmed ibn Nasir","Mohammed ibn Nasir","Mohammed ibn Abd as-Salam ibn Nasir","Ahmad Ibn al-Qadi","Mohammed ibn Qasim ibn Zakur","Ali ibn al-Qattan","Mohammed ibn Rushayd","Abd al-Qadir ibn Shaqrun","Ibn Shuayb","Mohammed al-Tawdi ibn Suda","Mohammed ibn al-Tayyib al-Alami","Mohammed ibn Tumart","Ibn al-Wannan","Ibn al-Yasamin","Mohammed ibn Zakri al-Fasi","Ibn Zaydan","Mohammed al-Idrisi","Mohammed al-Ifrani","Conn Iggulden","Atilla Ilhan","Chris Impey","Elizabeth Inchbald","Dean Ing","William Ralph Inge","Simon Ings","Eugène Ionesco","John Irving","Washington Irving","Walter Isaacson","Christopher Isherwood","Kazuo Ishiguro","Elizabeth Isichei","Judith Ivory","v","t","e","Afrikaans","Albanian","Arabic","Armenian","Assamese","Belarusian","Bengali","Bosnian","Bulgarian","Chinese","Catalan","Canadian","Croatian","Danish","Dutch","English","French","German","Greek","Gujarati","Hebrew","Hindi","Icelandic","Indonesian","Irish","Italian","Japanese","Kannada","Kashmiri","Konkani","Latin","Maithili","Malaysian","Malayalam","Maltese","Manipuri","Marathi","Nepali","Oriya","Pashto","Pennsylvania Dutch","Persian","Polish","Portuguese","Punjabi","Rajasthani","Romanian","Russian","Sanskrit","Scottish","Sindhi","Slovak","Slovenian","Sorbian","Spanish","Swedish","Tamil","Telugu","Turkic","Ukrainian","Urdu","Uzbek","Welsh","Afghan","American","Argentine","Australian","Austrian","Bangladeshi","Bosniak","Brazilian","Breton","Canadian","Chicano","Estonian","Finnish","Greek","Indian","Iranian","Irish","Mexican","Nepali","New Zealander","Nicaraguan","Nigerian","Ottoman","Pakistani","Peruvian","Romani","Romanian","South African","Sudanese","Swedish","Swiss","Turkish","Anarchist","Feminist","Lyric","Modernist","National","Performance","Speculative","Surrealist","War","Women","Lists of authors by name","Not logged in","Talk","Contributions","Create account","Log in","Article","Talk","Read","Edit","View history","Main page","Contents","Featured content","Current events","Random article","Donate to Wikipedia","Wikipedia store","Help","About Wikipedia","Community portal","Recent changes","Contact page","What links here","Related changes","Upload file","Special pages","Permanent link","Page information","Wikidata item","Cite this page","Wikisource","Create a book","Download as PDF","Printable version","Afrikaans","Deutsch","Türkçe"," This page was last edited on 20 August 2018, at 18:48","Text is available under the ","Privacy policy","About Wikipedia","Disclaimers","Contact Wikipedia","Developers","Cookie statement","Mobile view","
						","
						","1","2","3","4","Edward Jablonski","Brenda Jackson","Shirley Jackson","Anna Jacobs","Jane Jacobs","Joseph Jacobs","Brian Jacques","Ada Jafarey","Alireza Jafarzadeh","John Jakes","T. D. Jakes","E. L. James","Eloisa James","Henry James","Montague Rhodes James","Marlon James","P. D. James","Peter James","Phil Janes","Laurence Janifer","Tove Jansson","Lawrence Jarach","Miranda Jarrett","Alfred Jarry","Oliver Jeffers","Sabrina Jeffries","Elfriede Jelinek","John Edward Jennings","Merrill Jensen","K. W. Jeter","Jeffrey Archer","Joseph Joffo","Marie-Elena John","Nancy John","Zillur Rahman John","Michael Johns","Denis Johnson","George Clayton Johnson","Irving Johnson","Jane Johnson","Linton Kwesi Johnson","Maureen Johnson","Rossiter Johnson","Samuel Johnson","Susan Johnson","Joan Johnston","Linda O. Johnston","Eugene Jolas","Annie Jones","Catherine Jones","D. F. Jones","Diana Wynne Jones","Graham Jones","Lloyd Jones","Raymond F. Jones","Thom Jones","Ben Jonson","Penny Jordan","Robert Jordan","Elsa Joubert","Brenda Joyce","James Joyce","Miranda July","Daniel C. Juster","Norton Juster","v","t","e","Afrikaans","Albanian","Arabic","Armenian","Assamese","Belarusian","Bengali","Bosnian","Bulgarian","Chinese","Catalan","Canadian","Croatian","Danish","Dutch","English","French","German","Greek","Gujarati","Hebrew","Hindi","Icelandic","Indonesian","Irish","Italian","Japanese","Kannada","Kashmiri","Konkani","Latin","Maithili","Malaysian","Malayalam","Maltese","Manipuri","Marathi","Nepali","Oriya","Pashto","Pennsylvania Dutch","Persian","Polish","Portuguese","Punjabi","Rajasthani","Romanian","Russian","Sanskrit","Scottish","Sindhi","Slovak","Slovenian","Sorbian","Spanish","Swedish","Tamil","Telugu","Turkic","Ukrainian","Urdu","Uzbek","Welsh","Afghan","American","Argentine","Australian","Austrian","Bangladeshi","Bosniak","Brazilian","Breton","Canadian","Chicano","Estonian","Finnish","Greek","Indian","Iranian","Irish","Mexican","Nepali","New Zealander","Nicaraguan","Nigerian","Ottoman","Pakistani","Peruvian","Romani","Romanian","South African","Sudanese","Swedish","Swiss","Turkish","Anarchist","Feminist","Lyric","Modernist","National","Performance","Speculative","Surrealist","War","Women","Lists of authors by name","Use dmy dates from October 2010","Not logged in","Talk","Contributions","Create account","Log in","Article","Talk","Read","Edit","View history","Main page","Contents","Featured content","Current events","Random article","Donate to Wikipedia","Wikipedia store","Help","About Wikipedia","Community portal","Recent changes","Contact page","What links here","Related changes","Upload file","Special pages","Permanent link","Page information","Wikidata item","Cite this page","Wikisource","Create a book","Download as PDF","Printable version","Afrikaans","Deutsch","Türkçe"," This page was last edited on 6 December 2018, at 19:08","Text is available under the ","Privacy policy","About Wikipedia","Disclaimers","Contact Wikipedia","Developers","Cookie statement","Mobile view","
						","
						","1","2","3","4","5","Kazi Nazrul Islam","Immanuel Kant","Julie Kagawa","Kai Zen","Franz Kafka","Paul Kalanithi","Kama Sywor Kamanda","Wladimir Kaminer","Andrea Kane","Julia Kane","Kathleen Kane","Sarah Kane","Amita Kanekar","Colin Kapp","Veli Karahoda","Jan Karon","Christopher Kasparek","Katip Çelebi","John Katzenbach","Alex Kava","Anna Kavan","Karen Kay","Susanna Kaysen","Nikos Kazantzakis","Ezra Jack Keats","Elizabeth Keckley","Carolyn Keene","Daniel Kehlmann","Helen Keller","Carla Kelly","Kathleen Kellow","James Kelman","Elmer Kelton","Yaşar Kemal","Mark Kemp","Richard Kemp","Thomas à Kempis","Randall Kenan","Sharon Kendrick","Dennis Kennedy","Elle Kennedy","Hubert Kennedy","Lena Kennedy","Alexander Kent (see ","Michael Kenyon","Sherrilyn Kenyon","Jack Kerouac","Ken Kesey","David Kessler","Liz Kessler","Daniel Keyes","Marian Keyes","Marjun Syderbø Kjelnæs","Daniil Kharms","Ajmal Khattak","Raymond Khoury","Kathryn H. Kidd","Søren Kierkegaard","Jamaica Kincaid","Martin Luther King","Owen King","Stephen King","Susan King","Tabitha King","Charles Kingsley","George Kingsley","Henry Kingsley","Jeff Kinney","W. P. Kinsella","Leonard Kip","Rudyard Kipling","Necip Fazıl Kısakürek","Marvin Kitman","Sandra Kitt","Robert Kiyosaki","Jerome Klapka Jerome","Lois Kleinsasser","Lisa Kleypas","Kate Klise","Chuck Klosterman","Richard A. Knaak","Damon Knight","John Knowles","Herman Koch","Arthur Koestler","Manuel Komroff","Dean Koontz","Gordon Korman","M. F. Korn","Cyril M. Kornbluth","Jerzy Kosinski","Judith Krantz","Ignacy Krasicki","Helmut Krausser","Jayne Ann Krentz","Nancy Kress","Uma Krishnaswami","Giles Kristian","Agota Kristof","Susan Krinard","Zundel Kroizer","Jarrett J. Krosoczka","William Kent Krueger","Edwin C. Krupp","Ken Kuhlken","Nicholas Kulish","Milan Kundera","Ludvík Kundera","Milan Kundera","Hanif Kureishi","Lynn Kurland","Katherine Kurtz","Onat Kutlar","Henry Kuttner","Susan S. Kyle","v","t","e","Afrikaans","Albanian","Arabic","Armenian","Assamese","Belarusian","Bengali","Bosnian","Bulgarian","Chinese","Catalan","Canadian","Croatian","Danish","Dutch","English","French","German","Greek","Gujarati","Hebrew","Hindi","Icelandic","Indonesian","Irish","Italian","Japanese","Kannada","Kashmiri","Konkani","Latin","Maithili","Malaysian","Malayalam","Maltese","Manipuri","Marathi","Nepali","Oriya","Pashto","Pennsylvania Dutch","Persian","Polish","Portuguese","Punjabi","Rajasthani","Romanian","Russian","Sanskrit","Scottish","Sindhi","Slovak","Slovenian","Sorbian","Spanish","Swedish","Tamil","Telugu","Turkic","Ukrainian","Urdu","Uzbek","Welsh","Afghan","American","Argentine","Australian","Austrian","Bangladeshi","Bosniak","Brazilian","Breton","Canadian","Chicano","Estonian","Finnish","Greek","Indian","Iranian","Irish","Mexican","Nepali","New Zealander","Nicaraguan","Nigerian","Ottoman","Pakistani","Peruvian","Romani","Romanian","South African","Sudanese","Swedish","Swiss","Turkish","Anarchist","Feminist","Lyric","Modernist","National","Performance","Speculative","Surrealist","War","Women","Lists of authors by name","Use dmy dates from October 2010","Not logged in","Talk","Contributions","Create account","Log in","Article","Talk","Read","Edit","View history","Main page","Contents","Featured content","Current events","Random article","Donate to Wikipedia","Wikipedia store","Help","About Wikipedia","Community portal","Recent changes","Contact page","What links here","Related changes","Upload file","Special pages","Permanent link","Page information","Wikidata item","Cite this page","Wikisource","Create a book","Download as PDF","Printable version","Afrikaans","Deutsch","Türkçe"," This page was last edited on 14 June 2019, at 17:33","Text is available under the ","Privacy policy","About Wikipedia","Disclaimers","Contact Wikipedia","Developers","Cookie statement","Mobile view","
						","
						","1","2","3","4","5","6","Kate Lace","Mercedes Lackey","Fred Ladd","Harold Sonny Ladoo","R. A. Lafferty","Tim LaHaye","Ross Laidlaw","Sinikka Laine","Kojo Laing","Melvin Laird","Jack Lait","Lori L. Lake","Simon Lake","Arnette Lamb","Charlotte Lamb","Harold Lamb","George Lamming","Geoffrey Landis","Jill Marie Landis","Andrew Lang","Mandla Langa","Ruth Ryan Langan","David Langford","Tania Langley","Alfred Lansing","Christopher Largen","Erik Larson","Glen A. Larson","Ron Larson","Stieg Larsson","David Lassman","Erika Latanya (born 1990)","Yulia Latynina","Keith Laumer","Stephanie Laurens","Hugh Laurie","Rick Law","Stephen R. Lawhead","D. H. Lawrence","George Alfred Lawrence","Robert Lawson","Harry Lawton","Munro Leaf","Edmund Leamy","Edward Lear","Day Leclaire","Michael Ledwidge","Dennis Lee","Harper Lee","Miranda Lee","Rawdon Briggs Lee","Sharon Lee","Tanith Lee","Ursula K. Le Guin","Dennis Lehane","Fritz Leiber","Gottfried Wilhelm Leibniz","Murray Leinster","Stanisław Lem","Madeleine L'Engle","Donna Leon","Etienne Leroux","Doris Lessing","Jonathan Lethem","Julie Elizabeth Leto","Barbara Levick","Gail Carson Levine","Stacey Levine","Paul Levinson","David Levithan","Andrea Levy","Marc Levy","William Levy","C. S. Lewis","Deborah Lewis (pseudonym of ","Linda Lewis","Susan Lewis","Sinclair Lewis"," Ted Lewis","Alice Chetwynd Ley","Sophie Leyton","Madeleine L'Engle","Laura Jean Libbey","Simcha Liberman","Jacqueline Lichtenberg","Ash Lieb","Tao Lin","Astrid Lindgren","Mark Lindquist","Johanna Lindsey","Art Linkletter","Elinor Lipman","George Lippard","Laura Lippman","Robert Lissauer","Arnold Lobel","António Lobo Antunes","John Gibson Lockhart","John Locke","Richard Lockridge","Ross Lockridge, Jr.","Oliver Lodge","Hugh Lofting","Hilary London","Jack London","Ruth Frances Long","William Stuart Long","Barry B. Longyear","Anita Loos","Audre Lorde","Jean Lorrah","Claire Lorrimer","Peter Lourie","Anna M. Louw","H. P. Lovecraft","Earl Lovelace","Dorothy Mackie Low","Elizabeth Lowell","Paul B. Lowney","Lois Lowry","Malcolm Lowry","Marie Lu","Tim Lucas","James Luceno","Fitz Hugh Ludlow","Luiz Duarte da Rocha","Sergey Lukyanenko","Duncan Lunan","John Lutz","Johanan Luria","Edgar Lustgarten","Alexis Lykiard","Dennis Lynds","Karen Lynch","Gayle Lynds","Joshua Lyon","v","t","e","Afrikaans","Albanian","Arabic","Armenian","Assamese","Belarusian","Bengali","Bosnian","Bulgarian","Chinese","Catalan","Canadian","Croatian","Danish","Dutch","English","French","German","Greek","Gujarati","Hebrew","Hindi","Icelandic","Indonesian","Irish","Italian","Japanese","Kannada","Kashmiri","Konkani","Latin","Maithili","Malaysian","Malayalam","Maltese","Manipuri","Marathi","Nepali","Oriya","Pashto","Pennsylvania Dutch","Persian","Polish","Portuguese","Punjabi","Rajasthani","Romanian","Russian","Sanskrit","Scottish","Sindhi","Slovak","Slovenian","Sorbian","Spanish","Swedish","Tamil","Telugu","Turkic","Ukrainian","Urdu","Uzbek","Welsh","Afghan","American","Argentine","Australian","Austrian","Bangladeshi","Bosniak","Brazilian","Breton","Canadian","Chicano","Estonian","Finnish","Greek","Indian","Iranian","Irish","Mexican","Nepali","New Zealander","Nicaraguan","Nigerian","Ottoman","Pakistani","Peruvian","Romani","Romanian","South African","Sudanese","Swedish","Swiss","Turkish","Anarchist","Feminist","Lyric","Modernist","National","Performance","Speculative","Surrealist","War","Women","Lists of authors by name","Not logged in","Talk","Contributions","Create account","Log in","Article","Talk","Read","Edit","View history","Main page","Contents","Featured content","Current events","Random article","Donate to Wikipedia","Wikipedia store","Help","About Wikipedia","Community portal","Recent changes","Contact page","What links here","Related changes","Upload file","Special pages","Permanent link","Page information","Wikidata item","Cite this page","Wikisource","Create a book","Download as PDF","Printable version","Afrikaans","Deutsch","Türkçe"," This page was last edited on 17 March 2019, at 17:50","Text is available under the ","Privacy policy","About Wikipedia","Disclaimers","Contact Wikipedia","Developers","Cookie statement","Mobile view","
						","
						","1","2","3","4","5","6","Amin Maalouf","Darko Macan","Ann-Marie MacDonald","Betty MacDonald","John D. MacDonald","Alasdair Alpin MacGregor","Patricia MacLachlan","Katherine Maclean","Charlotte MacLeod","Ken MacLeod","Ian R. MacLeod","Debbie Macomber","Maddox","Maurice Maeterlinck","Gregory Maguire","Naguib Mahfouz","Norman Mailer","Arthur Maimane","William Makepeace Thackeray","Curzio Malaparte","Rosie Malek-Yonan","Rajiv Malhotra","Stéphane Mallarmé","Susan Mallery","Hector Malot","Barry Malzberg","Andrew Mango","Thomas Mann","Anne Manning (novelist)","Laurence Manning","Lauren Manning","Richard Manning","Jill Mansell","Katherine Mansfield","Hilary Mantel","Cristina Marcano","Marcel Marceau","Jill March","Stella March","Ben Marcus","Jan Marcussen","Leo Margulies","Javier Marías","David Markson","Deb Marlowe","Paul Marlowe","Damian Marrett","John Marsden","Geoffrey Marsh","Katherine Marsh","Ronald James Marsh","Yann Martel","Ann M. Martin","Faith Martin","George R. R. Martin","J. P. Martin","Kat Martin","Sandra Marton","Karl Marx","Connie Mason","Alexander Masters","Dary Matera","Carol Matas","Anne Mather","Richard Matheson","Deborah Mathis","Laura Matthews","W. Somerset Maugham","Guy de Maupassant","Armistead Maupin","André Maurois","Tucker Max","Kathleen Maxwell (born 1952) (pseudonym of ","Patricia Maxwell","Julian May","Peter May","Richard Maybury","Anne Mayfield (pseudonym of ","D. J. MacHale","Anne McAllister","Robert McAlmon","Paul J. McAuley","Anne McCaffrey","Cormac McCarthy","Eugene McCarthy","Helen McCarthy","Sharron McClellan","Frank McCourt","Robert McCloskey","Josephine Clifford McCracken","Sharyn McCrumb","Johnston McCulley","Colleen McCullough","David McCullough","Jack McDevitt","Ian McEwan","Leslie McFarlane","May McGoldrick","Eloise Jarvis McGraw","Maureen F. McHugh","Terence McKenna","Dennis L. McKiernan","Robin McKinley","Meagan McKinney","Barbara McMahon","Mary McMullen","Larry McMurtry","Judith McNaught","Clive Leo McNeir","Richelle Mead","Teresa Medeiros","Thomas Meehan","Capt. S.P. Meek","Jhaverchand Meghani","Fulvio Melia","Herman Melville","Pauline Melville","Robert Menasse","Eduardo Mendoza","Holdemar Menezes","Christina Merlin","Judith Merril","A. Merritt","Marissa Meyer","Nicholas Meyer","Stephenie Meyer","Gustav Meyrink","Millosh Gjergj Nikolla","Judith Michael","Barbara Michaels","Fern Michaels","Leigh Michaels","Richard Michelson","China Miéville","Jack Miles","John Stuart Mill","Arthur Miller","Frank Miller","Grazyna Miller","Henry Miller","James Russell Miller","Linda Lael Miller","P. Schuyler Miller","Serena B. Miller","Steve Miller","Walter M. Miller, Jr.","Steven Millhauser","Henry Hart Milman","A.A. Milne","Donna Milner","Franco Mimmi","Lin-Manuel Miranda","Ludwig von Mises","David Mitchell","Donald Grant Mitchell","Joseph Mitchell","Margaret Mitchell","Minae Mizumura","L. E. Modesitt, Jr.","Donald Moffitt","Nadifa Mohamed","Molière","Natyaguru","Karyn Monk","Richard Montanari","Montesquieu","Lucy Maud Montgomery","Raymond Almiran Montgomery","Elizabeth Moon","Michael Moorcock","Alan Moore","C. L. Moore","Clement Clarke Moore","Patrick Moore","Ward Moore","Wes Moore","Daniel Keys Moran","Alberto Moravia","Diana Morgan","Diana Morgan","Liane Moriarty","Michael Morpurgo","Dick Morris","Gerald Morris","Rebecca Morris","Toni Morrison","Anne Morrow Lindbergh","Carole Mortimer","Andrew Morton","Sam Moskowitz","Kate Mosse","Andrew Motion","Jojo Moyes","Phaswane Mpe","Robert Muchamore","Paul Muldoon","Brandon Mull","Debra Mullins","John Mulholland","Alice Munro","Robert Munsch","K. M. Munshi","Haruki Murakami","Iris Murdoch","C. E. Murphy","Jim Murphy","Pat Murphy","Margaret Murphy","Alfred de Musset","Togara Muzanenhamo","Walter Dean Myers","Lauren Myracle","v","t","e","Afrikaans","Albanian","Arabic","Armenian","Assamese","Belarusian","Bengali","Bosnian","Bulgarian","Chinese","Catalan","Canadian","Croatian","Danish","Dutch","English","French","German","Greek","Gujarati","Hebrew","Hindi","Icelandic","Indonesian","Irish","Italian","Japanese","Kannada","Kashmiri","Konkani","Latin","Maithili","Malaysian","Malayalam","Maltese","Manipuri","Marathi","Nepali","Oriya","Pashto","Pennsylvania Dutch","Persian","Polish","Portuguese","Punjabi","Rajasthani","Romanian","Russian","Sanskrit","Scottish","Sindhi","Slovak","Slovenian","Sorbian","Spanish","Swedish","Tamil","Telugu","Turkic","Ukrainian","Urdu","Uzbek","Welsh","Afghan","American","Argentine","Australian","Austrian","Bangladeshi","Bosniak","Brazilian","Breton","Canadian","Chicano","Estonian","Finnish","Greek","Indian","Iranian","Irish","Mexican","Nepali","New Zealander","Nicaraguan","Nigerian","Ottoman","Pakistani","Peruvian","Romani","Romanian","South African","Sudanese","Swedish","Swiss","Turkish","Anarchist","Feminist","Lyric","Modernist","National","Performance","Speculative","Surrealist","War","Women","Lists of authors by name","Articles with short description","Not logged in","Talk","Contributions","Create account","Log in","Article","Talk","Read","Edit","View history","Main page","Contents","Featured content","Current events","Random article","Donate to Wikipedia","Wikipedia store","Help","About Wikipedia","Community portal","Recent changes","Contact page","What links here","Related changes","Upload file","Special pages","Permanent link","Page information","Wikidata item","Cite this page","Wikisource","Create a book","Download as PDF","Printable version","Afrikaans","Deutsch","Türkçe"," This page was last edited on 21 August 2019, at 00:45","Text is available under the ","Privacy policy","About Wikipedia","Disclaimers","Contact Wikipedia","Developers","Cookie statement","Mobile view","
						","
						","Vladimir Nabokov","Linda Nagata","Shiva Naipaul","V. S. Naipaul","Namık Kemal","Jan Narveson","Betty Neels","Jandy Nelson","Edith Nesbit","Jo Nesbø","Aziz Nesin","Jeffrey A. Nesbit","John Newbery","Nerida Newton","Friedrich Neznansky","Celeste Ng","Grace Nichols","Friedrich Nietzsche","Larry Niven","Jennifer Niven","Garth Nix","Thomas Nixon","Frederick Nolan","William F. Nolan","Olga Nolla","Jeff Noon","Cees Nooteboom","Howard Norman","John Norman","Harold Norse","Andre Norton","Mary Norton","Amélie Nothomb","Alan E. Nourse","Benjamin Nugent","Laura Numeroff","v","t","e","Afrikaans","Albanian","Arabic","Armenian","Assamese","Belarusian","Bengali","Bosnian","Bulgarian","Chinese","Catalan","Canadian","Croatian","Danish","Dutch","English","French","German","Greek","Gujarati","Hebrew","Hindi","Icelandic","Indonesian","Irish","Italian","Japanese","Kannada","Kashmiri","Konkani","Latin","Maithili","Malaysian","Malayalam","Maltese","Manipuri","Marathi","Nepali","Oriya","Pashto","Pennsylvania Dutch","Persian","Polish","Portuguese","Punjabi","Rajasthani","Romanian","Russian","Sanskrit","Scottish","Sindhi","Slovak","Slovenian","Sorbian","Spanish","Swedish","Tamil","Telugu","Turkic","Ukrainian","Urdu","Uzbek","Welsh","Afghan","American","Argentine","Australian","Austrian","Bangladeshi","Bosniak","Brazilian","Breton","Canadian","Chicano","Estonian","Finnish","Greek","Indian","Iranian","Irish","Mexican","Nepali","New Zealander","Nicaraguan","Nigerian","Ottoman","Pakistani","Peruvian","Romani","Romanian","South African","Sudanese","Swedish","Swiss","Turkish","Anarchist","Feminist","Lyric","Modernist","National","Performance","Speculative","Surrealist","War","Women","Lists of authors by name","Use dmy dates from October 2010","Not logged in","Talk","Contributions","Create account","Log in","Article","Talk","Read","Edit","View history","Main page","Contents","Featured content","Current events","Random article","Donate to Wikipedia","Wikipedia store","Help","About Wikipedia","Community portal","Recent changes","Contact page","What links here","Related changes","Upload file","Special pages","Permanent link","Page information","Wikidata item","Cite this page","Wikisource","Create a book","Download as PDF","Printable version","Afrikaans","Deutsch","Türkçe"," This page was last edited on 15 April 2019, at 09:27","Text is available under the ","Privacy policy","About Wikipedia","Disclaimers","Contact Wikipedia","Developers","Cookie statement","Mobile view","
						","
						","Michelle Obama","Patrick O'Brian","Fitz James O'Brien","Robert C. O'Brien","Michael O'Brien","Flannery O'Connor","Constance O'Day-Flannery","Scott O'Dell","Laurel O'Donnell","Kenzaburō Ōe","Elisabeth Ogilvie","John O'Hara","Bayo Ojikutu","Gabriel Okara","Janette Oke","Jenny Oldfield","Gregg Olsen","Eugene O'Neill","Onyeka","Ömer Seyfettin","Michael Ondaatje","Kenneth Oppel","Joachim Oppenheim","Robert Oppenheimer","Bill O'Reilly","Jerry Ordway","Marek Oramus","Mary Orr","José Ortega y Gasset","Abraham Ortelius","George Orwell","Arthur Osborne","John Osborne","Mary Pope Osborne","Tam O'Shaughnessy","Pat O'Shea","John Ostrander","Niyi Osundare","Ovidius","Ruth Owen","Wilfred Owen","Elsie J. Oxenham","Amos Oz","Ismet Özel","Joshua Ozersky","O. Henry","Cynthia Ozick","v","t","e","Afrikaans","Albanian","Arabic","Armenian","Assamese","Belarusian","Bengali","Bosnian","Bulgarian","Chinese","Catalan","Canadian","Croatian","Danish","Dutch","English","French","German","Greek","Gujarati","Hebrew","Hindi","Icelandic","Indonesian","Irish","Italian","Japanese","Kannada","Kashmiri","Konkani","Latin","Maithili","Malaysian","Malayalam","Maltese","Manipuri","Marathi","Nepali","Oriya","Pashto","Pennsylvania Dutch","Persian","Polish","Portuguese","Punjabi","Rajasthani","Romanian","Russian","Sanskrit","Scottish","Sindhi","Slovak","Slovenian","Sorbian","Spanish","Swedish","Tamil","Telugu","Turkic","Ukrainian","Urdu","Uzbek","Welsh","Afghan","American","Argentine","Australian","Austrian","Bangladeshi","Bosniak","Brazilian","Breton","Canadian","Chicano","Estonian","Finnish","Greek","Indian","Iranian","Irish","Mexican","Nepali","New Zealander","Nicaraguan","Nigerian","Ottoman","Pakistani","Peruvian","Romani","Romanian","South African","Sudanese","Swedish","Swiss","Turkish","Anarchist","Feminist","Lyric","Modernist","National","Performance","Speculative","Surrealist","War","Women","Lists of authors by name","Not logged in","Talk","Contributions","Create account","Log in","Article","Talk","Read","Edit","View history","Main page","Contents","Featured content","Current events","Random article","Donate to Wikipedia","Wikipedia store","Help","About Wikipedia","Community portal","Recent changes","Contact page","What links here","Related changes","Upload file","Special pages","Permanent link","Page information","Wikidata item","Cite this page","Wikisource","Create a book","Download as PDF","Printable version","Afrikaans","Deutsch","Türkçe"," This page was last edited on 24 June 2019, at 00:03","Text is available under the ","Privacy policy","About Wikipedia","Disclaimers","Contact Wikipedia","Developers","Cookie statement","Mobile view","
						","
						","1","2","3","4","5","Edward Packard","ZZ Packer","Lynda Page","P. K. Page","Chuck Palahniuk","Greg Palast","Diana Palmer","Michael Palmer","Raymond A. Palmer","Robert Palmer","Orhan Pamuk","Edgar Pangborn","Alexei Panshin","Cory Panshin","Isaac Pardo","Jacob Pardo","Jacob Vita Pardo","Joseph Pardo (hazzan)","Moses Pardo","Adele Parks","Barbara Park","Delia Parr","Boris Pasternak","Alan Paton","William Roger Paton","Marion Patrick Jones","James Patterson","Eliot Pattison","Caroline Paul","Elliot Paul","Milorad Pavić","Lois Paxton","Diane Pearson","Ridley Pearson","T. R. Pearson","Borislav Pekić","Robert Newton Peck","Ethel Pedley","Bill Peet","Billy Pegram","Kira Peikoff","Hayford Peirce","Judith Pella","Charles Pellegrino","Dave Pelzer","Lynne Rae Perkins","Anna Percival","Walker Percy","Charles Perrault","Steve Perry","Michael Alfred Peszke","Robert Peters","Len Peterson","Stephen Petranek","James Clancy Phelan","Nathaniel Philbrick","Carly Phillips","Caryl Phillips","David Graham Phillips","Susan Elizabeth Phillips","Joan Phipson","Jodi Picoult","Tamora Pierce","Rosamunde Pilcher","Dav Pilkey","Daniel H. Pink","Steven Pinker","Jerry Pinkney","Daniel Pinkwater","Lee Eric Pinnock (born 1977)","Harold Pinter","H. Beam Piper","José Luis Rodríguez Pitti","Doris Piserchia","Camil Petrescu","Jean Plaidy","Belva Plain","Sylvia Plath","Karen Platt","Plato","Daphne Pochin Mould","Edgar Allan Poe","Suman Pokhrel","Frederik Pohl","Peter Pohl","Daniel Poliquin","Sharon Pollock","Alexander Pope","Gene Stratton Porter","Charles Portis","Beatrix Potter","Jacques Poulin","Jerry Pournelle","Anthony Powell","Heather Graham Pozzessere","James Van Praagh","Terry Pratchett","E. J. Pratt","Marin Preda","ArLynn Leiber Presser","Steven Pressfield","Richard Preston","Paul Preuss","Nicholas A. Price","Robert Priest","E. Annie Proulx","Marcel Proust","Kevin Prufer","Bolesław Prus","Kathryn Ptacek","Philip Pullman","Al Purdy","Mary Jo Putney","Mario Puzo","Howard Pyle","Barbara Pym","Thomas Pynchon","A. N. Prahlada Rao","v","t","e","Afrikaans","Albanian","Arabic","Armenian","Assamese","Belarusian","Bengali","Bosnian","Bulgarian","Chinese","Catalan","Canadian","Croatian","Danish","Dutch","English","French","German","Greek","Gujarati","Hebrew","Hindi","Icelandic","Indonesian","Irish","Italian","Japanese","Kannada","Kashmiri","Konkani","Latin","Maithili","Malaysian","Malayalam","Maltese","Manipuri","Marathi","Nepali","Oriya","Pashto","Pennsylvania Dutch","Persian","Polish","Portuguese","Punjabi","Rajasthani","Romanian","Russian","Sanskrit","Scottish","Sindhi","Slovak","Slovenian","Sorbian","Spanish","Swedish","Tamil","Telugu","Turkic","Ukrainian","Urdu","Uzbek","Welsh","Afghan","American","Argentine","Australian","Austrian","Bangladeshi","Bosniak","Brazilian","Breton","Canadian","Chicano","Estonian","Finnish","Greek","Indian","Iranian","Irish","Mexican","Nepali","New Zealander","Nicaraguan","Nigerian","Ottoman","Pakistani","Peruvian","Romani","Romanian","South African","Sudanese","Swedish","Swiss","Turkish","Anarchist","Feminist","Lyric","Modernist","National","Performance","Speculative","Surrealist","War","Women","Lists of authors by name","Use dmy dates from October 2010","Not logged in","Talk","Contributions","Create account","Log in","Article","Talk","Read","Edit","View history","Main page","Contents","Featured content","Current events","Random article","Donate to Wikipedia","Wikipedia store","Help","About Wikipedia","Community portal","Recent changes","Contact page","What links here","Related changes","Upload file","Special pages","Permanent link","Page information","Wikidata item","Cite this page","Wikisource","Create a book","Download as PDF","Printable version","Afrikaans","Deutsch","Türkçe"," This page was last edited on 29 August 2019, at 18:29","Text is available under the ","Privacy policy","About Wikipedia","Disclaimers","Contact Wikipedia","Developers","Cookie statement","Mobile view","
						","
						","Roberto Quaglia","Paul Quarrington","Erica Quest","Amanda Quick","Matthew Quick","Sir ","Anna Quindlen","Julia Quinn","Ernesto Quiñonez","Horacio Quiroga","v","t","e","Afrikaans","Albanian","Arabic","Armenian","Assamese","Belarusian","Bengali","Bosnian","Bulgarian","Chinese","Catalan","Canadian","Croatian","Danish","Dutch","English","French","German","Greek","Gujarati","Hebrew","Hindi","Icelandic","Indonesian","Irish","Italian","Japanese","Kannada","Kashmiri","Konkani","Latin","Maithili","Malaysian","Malayalam","Maltese","Manipuri","Marathi","Nepali","Oriya","Pashto","Pennsylvania Dutch","Persian","Polish","Portuguese","Punjabi","Rajasthani","Romanian","Russian","Sanskrit","Scottish","Sindhi","Slovak","Slovenian","Sorbian","Spanish","Swedish","Tamil","Telugu","Turkic","Ukrainian","Urdu","Uzbek","Welsh","Afghan","American","Argentine","Australian","Austrian","Bangladeshi","Bosniak","Brazilian","Breton","Canadian","Chicano","Estonian","Finnish","Greek","Indian","Iranian","Irish","Mexican","Nepali","New Zealander","Nicaraguan","Nigerian","Ottoman","Pakistani","Peruvian","Romani","Romanian","South African","Sudanese","Swedish","Swiss","Turkish","Anarchist","Feminist","Lyric","Modernist","National","Performance","Speculative","Surrealist","War","Women","Lists of authors by name","Use dmy dates from October 2010","Not logged in","Talk","Contributions","Create account","Log in","Article","Talk","Read","Edit","View history","Main page","Contents","Featured content","Current events","Random article","Donate to Wikipedia","Wikipedia store","Help","About Wikipedia","Community portal","Recent changes","Contact page","What links here","Related changes","Upload file","Special pages","Permanent link","Page information","Wikidata item","Cite this page","Wikisource","Create a book","Download as PDF","Printable version","Afrikaans","Deutsch","Türkçe"," This page was last edited on 13 February 2019, at 01:42","Text is available under the ","Privacy policy","About Wikipedia","Disclaimers","Contact Wikipedia","Developers","Cookie statement","Mobile view","
						","
						","1","2","3","4","5","François Rabelais","Jean Racine","Indra Bahadur Rai","Lala Lajpat Rai","Rajashree","Janaki Ram","Ayn Rand","Ian Rankin","Arthur Ransome","Rudolf Erich Raspe","Julian Rathbone","Marjorie Kinnan Rawlings","John Rawls","Francis Ray","Chet Raymo","Claire Rayner","Mark ""Chopper"" Read","Tom Reamy","Ishmael Reed","John Reed","Douglas Reeman","Celia Rees","David Rees","Gwyneth Rees","Libby Rees","Simon Reeve","Matthew Reilly","Erich Maria Remarque","Miha Remec","Mike Resnick","H.A. Rey","Alastair Reynolds","Mack Reynolds","Mrs. Riazuddin","Anne Rice","Suzy Rice/Susan Elizabeth Rice","Emilie Richards","Mordecai Richler","Christie Ridgway","Ransom Riggs","James Riley","Lawrence Riley","Arthur Rimbaud","Penny Rimbaud","Rick Riordan","Steve Rizzo","Karen Robards","Jason Roberts","Keith Roberts","Les Roberts","Nora Roberts","Paul Craig Roberts","Denise Robins","Patricia Robins","Andrew Robinson","Bill Robinson","Bruce Robinson","Kim Stanley Robinson","Spider Robinson","Suzanne Robinson","Lucia St. Clair Robson","Ross Rocklynne","Jose Luis Rodriguez Pitti","Mark Roeder","Gene Roddenberry","Monique Roffey","Bruce Holland Rogers","Rosemary Rogers","Ola Rotimi","Frederick Rolfe","Dan Roodt","Ginny Rorby","Joel Rosenberg","Nancy Taylor Rosenberg","Mordecai Roshwald","Edmond Rostand","Renee Roszel","Philip Roth","Veronica Roth","Yechezkel Roth","Patrick Rothfuss","Tony Rothman","Jean-Jacques Rousseau","Rainbow Rowell","Christopher Rowley","J.K. Rowling","Susanna Roxman","Ron Roy","Arundhati Roy","S.J. Rozan","Rudy Rucker","Anne Rudloe","Ann Rule","Ruskin Bond","Salman Rushdie","Joanna Russ","Richard Paul Russo","Eric Frank Russell","Mary Doria Russell","Mary Ruwart","Nan Ryan","Perry T. Ryan","Ryūnosuke Akutagawa","Tim Russert","Cynthia Rylant","v","t","e","Afrikaans","Albanian","Arabic","Armenian","Assamese","Belarusian","Bengali","Bosnian","Bulgarian","Chinese","Catalan","Canadian","Croatian","Danish","Dutch","English","French","German","Greek","Gujarati","Hebrew","Hindi","Icelandic","Indonesian","Irish","Italian","Japanese","Kannada","Kashmiri","Konkani","Latin","Maithili","Malaysian","Malayalam","Maltese","Manipuri","Marathi","Nepali","Oriya","Pashto","Pennsylvania Dutch","Persian","Polish","Portuguese","Punjabi","Rajasthani","Romanian","Russian","Sanskrit","Scottish","Sindhi","Slovak","Slovenian","Sorbian","Spanish","Swedish","Tamil","Telugu","Turkic","Ukrainian","Urdu","Uzbek","Welsh","Afghan","American","Argentine","Australian","Austrian","Bangladeshi","Bosniak","Brazilian","Breton","Canadian","Chicano","Estonian","Finnish","Greek","Indian","Iranian","Irish","Mexican","Nepali","New Zealander","Nicaraguan","Nigerian","Ottoman","Pakistani","Peruvian","Romani","Romanian","South African","Sudanese","Swedish","Swiss","Turkish","Anarchist","Feminist","Lyric","Modernist","National","Performance","Speculative","Surrealist","War","Women","Lists of authors by name","Not logged in","Talk","Contributions","Create account","Log in","Article","Talk","Read","Edit","View history","Main page","Contents","Featured content","Current events","Random article","Donate to Wikipedia","Wikipedia store","Help","About Wikipedia","Community portal","Recent changes","Contact page","What links here","Related changes","Upload file","Special pages","Permanent link","Page information","Wikidata item","Cite this page","Wikisource","Create a book","Download as PDF","Printable version","Afrikaans","Deutsch","Türkçe"," This page was last edited on 21 August 2019, at 02:12","Text is available under the ","Privacy policy","About Wikipedia","Disclaimers","Contact Wikipedia","Developers","Cookie statement","Mobile view","
						","
						","1","2","3","4","5","6","7","8","9","Saadat Hasan Manto","Fred Saberhagen","Louis Sachar","Nelly Sachs","Peter Sagal","Carl Sagan","Nick Sagan","Sarojini Sahoo","Antoine de Saint-Exupéry","Sait Faik","Pedro Salinas","Jerome David Salinger","Andrew Salkey","R.A. Salvatore","Wolfgang W.E. Samuel","Alex Sánchez","Michal Šanda","Brandon Sanderson","Dan Santat","José Saramago","Pamela Sargent","William Saroyan","Al Sarrantonio","Jean-Paul Sartre","Margaret Marshall Saunders","Fernando Savater","Malcolm Saville","John Sawyer","Robert J. Sawyer","Allen Say","Sachchidananda Hirananda Vatsyayana","Richard Scarry","Nat Schachner","Peter Schechter","Jonathan Schell","Eric Schlosser","James H. Schmitz","Stanley Schmidt","Arthur Schnitzler","Karel Schoeman","Robin Schone","Arthur Schopenhauer","Levin Ludwig Schücking","Peter Schweizer","Sandra Scofield","Thomas N. Scortia","Alicia Scott","Ann Scott","Andrew Murray Scott","Cathy Scott","Lawrence Scott","Robyn Scott","Sir Walter Scott","William Bueller Seabrook","Alice Sebold","W.G. Sebald","Mac Sebree","David Sedaris","Catharine Sedgwick","Lisa See","Benjamin Sehene","Hubert Selby Jr.","Amartya Sen","Maurice Sendak","Luis Sepúlveda","Rod Serling","Anya Seton","Theodor ""","Anna Sewell","Ram Sharan Sharma","Michael Shaara","Ruchoma Shain","Lawrence Shainberg","William Shakespeare","David Shannon","Robin Sharma","Tom Sharpe","William Shatner","Richard S. Shaver","George Bernard Shaw","Bob Shaw","Robert Shaw","Scott Shaw","Maggie Shayne","Charles Sheffield","Robert Sheckley","Kirit Shelat","Sidney Sheldon","Mary Shelley","Lucius Shepard","Sara Shepard","Joel Shepherd","Barbara Sher","T.L. Sherred","Moyle Sherer","Will Shetterly","Gary Shipman","Rhoda Shipman","John Shirley","Alexander Shirvanzade","Izya Shlosberg","William Shunn","Neal Shusterman","Nevil Shute","Charles E. Silberman","Ron Silliman","Daniel Silva","Burton Silver","Adam Silvera","Robert Silverberg","Shel Silverstein","Clifford D. Simak","Georges Simenon","Simeon Simev","Dan Simmons","Francesca Simon","Les Simons (pseudonym of ","Clive Sinclair","Rebecca Sinclair","Isaac Bashevis Singer","Marilyn Singer","Jaspreet Singh","Sarah Singleton","Johanna Sinisalo","Susan Sizemore","Rebecca Skloot","John Skoyles","Christina Skye","John Sladek","Karin Slaughter","Eugene Sledge","William Sleator","Eric Sloane","Joan Slonczewski","Adam Small","Bertrice Small","Adam Smith","Alexander McCall Smith","Barbara Dawson Smith","Clark Ashton Smith","Cordwainer Smith","Jean Edward Smith","Jeff Smith","E.E. Smith","George O. Smith","Karen Rose Smith","L.J. Smith","Mark Smith","Patti Smith","Anthony Neil Smith","L. Neil Smith","O. F. Snelling","Lemony Snicket","Lucy A. Snyder","Zilpha Keatley Snyder","Donald J. Sobol","Jerry Sohl","Alexandra Sokoloff","Walid Soliman","Dag Solstad","Aleksandr Solzhenitsyn","Suzanne Somers","Justin Somper","Maris Soule","Michael Soussan","Ivan Southall","Terry Southern","Wole Soyinka","Jon Spaihts","Tom Spanbauer","Muriel Spark","Nicholas Sparks","Albert Speer","Eleanor Spence","Lee Spence","LaVyrle Spencer","Armstrong Sperry","Nadja Spiegelman","Jerry Spinelli","Norman Spinrad","Srđan Srdić","Matthew Stadler","Rebecca St. James","Michael A. Stackpole","Ian Stafford","Olaf Stapledon","Christopher Stasheff","Danielle Steel","Allen Steele","Jessica Steele","John Steinbeck","Stendhal","Joanne Stepaniak","Neal Stephenson","Bruce Sterling","Laurence Sterne","Fisher Stevens","W. Richard Stevens","Robert Louis Stevenson","William Bennet Stevenson","Fred Mustard Stewart","Mariah Stewart","J.I.M. Stewart","Mary Stewart","Michael Stewart","Trenton Lee Stewart","R. L. Stine","S. M. Stirling","Kathryn Stockett","Frank R. Stockton","Dejan Stojanović","Bram Stoker","Katherine Stone","Walter Scott Story","Lytton Strachey","J. Michael Straczynski","Edward Stratemeyer","Darin Strauss","Jeremy Strong","Charles Stross","John Stroud","Boris and Arkady Strugatsky","Alex Stuart","Andrea Stuart","Robyn Stuart","V.A. Stuart","Vivian Stuart","Theodore Sturgeon","William Styron","Daniel Suarez","Somtow Sucharitkul","Andrew Sullivan","Mark T. Sullivan","Thomas Sullivan","Essie Summers","Montague Summers","Patrick Süskind","Alexander Süsskind of Grodno","Katherine Sutcliffe","Thomas Sutcliffe","Efua Sutherland","Nathaniel Walter Swan","Michael Swanwick","George Szanto","Jonathan Swift","Michael Szameit","Vikas Swarup","v","t","e","Afrikaans","Albanian","Arabic","Armenian","Assamese","Belarusian","Bengali","Bosnian","Bulgarian","Chinese","Catalan","Canadian","Croatian","Danish","Dutch","English","French","German","Greek","Gujarati","Hebrew","Hindi","Icelandic","Indonesian","Irish","Italian","Japanese","Kannada","Kashmiri","Konkani","Latin","Maithili","Malaysian","Malayalam","Maltese","Manipuri","Marathi","Nepali","Oriya","Pashto","Pennsylvania Dutch","Persian","Polish","Portuguese","Punjabi","Rajasthani","Romanian","Russian","Sanskrit","Scottish","Sindhi","Slovak","Slovenian","Sorbian","Spanish","Swedish","Tamil","Telugu","Turkic","Ukrainian","Urdu","Uzbek","Welsh","Afghan","American","Argentine","Australian","Austrian","Bangladeshi","Bosniak","Brazilian","Breton","Canadian","Chicano","Estonian","Finnish","Greek","Indian","Iranian","Irish","Mexican","Nepali","New Zealander","Nicaraguan","Nigerian","Ottoman","Pakistani","Peruvian","Romani","Romanian","South African","Sudanese","Swedish","Swiss","Turkish","Anarchist","Feminist","Lyric","Modernist","National","Performance","Speculative","Surrealist","War","Women","Lists of authors by name","Not logged in","Talk","Contributions","Create account","Log in","Article","Talk","Read","Edit","View history","Main page","Contents","Featured content","Current events","Random article","Donate to Wikipedia","Wikipedia store","Help","About Wikipedia","Community portal","Recent changes","Contact page","What links here","Related changes","Upload file","Special pages","Permanent link","Page information","Wikidata item","Cite this page","Wikisource","Create a book","Download as PDF","Printable version","Afrikaans","Deutsch","Türkçe"," This page was last edited on 28 August 2019, at 16:14","Text is available under the ","Privacy policy","About Wikipedia","Disclaimers","Contact Wikipedia","Developers","Cookie statement","Mobile view","
						","
						","1","2","3","4","Gladys Taber","Rabindranath Tagore","John Taine","Nassim Nicholas Taleb","Robin Talley","Mariko Tamaki","Amy Tan","Shelley Tanaka","Ahmet Hamdi Tanpinar","Donna Tartt","Jovica Tasevski-Eternijan","Janet Tashjian","Władysław Tatarkiewicz","Ellalice Tate","Alasdair and Hettie Tayler","Andrew Taylor","Janelle Taylor","Mildred D. Taylor","Janne Teller","William Tenn","Steve Rasnic Tem","William F. Temple","Daniel Terdiman","Tom Terry","Walter Tevis","Cathy Gillen Thacker","Jean Thesman","Dylan Thomas","Elean Thomas","Jodi Thomas","Joyce Carol Thomas","Rob Thomas","Rosie Thomas","Hunter S. Thompson","Kate Thompson (author)","Kate Thompson (romantic novelist)","Kirstin Thompson","Vicki Lewis Thompson","Melanie Rae Thon","Henry David Thoreau","Kip Thorne","Elizabeth Thornton","Sylvia Thorpe","James Thurber","Robert Thurston","Johanna Thydell","Patrick Tilley","James Tiptree, Jr","Roberto Tiraboschi","Deborah Todd","Alvin Toffler","Lynn Toler","J. R. R. Tolkien","Eckhart Tolle","Lisa Tolliver","Leo Tolstoy","Yoshiyuki Tomino","Jean Toomer","Zaim Topčić","Zlatko Topčić","Thomas Toughill","Nigel Tranter","Pamela Travers","Karen Traviss","Mary Treadgold","Geoffrey Trease","Henry Treece","Sharon Tregenza","Meriol Trevor","Calvin Trillin","Anthony Trollope","Sergio Troncoso","Leon Trotsky","Antonio de Trueba","Meta Truscott","Barbara W. Tuchman","Wilson Tucker","John R. Tunis","Michael O. Tunnell","Ilkka Tuomi","Ivan Turgenev","Ann Turnbull","Ethel Turner","Megan Whalen Turner","Harry Turtledove","Samuel ""","Kathy Tyers","Anne Tyler","Neil deGrasse Tyson","v","t","e","Afrikaans","Albanian","Arabic","Armenian","Assamese","Belarusian","Bengali","Bosnian","Bulgarian","Chinese","Catalan","Canadian","Croatian","Danish","Dutch","English","French","German","Greek","Gujarati","Hebrew","Hindi","Icelandic","Indonesian","Irish","Italian","Japanese","Kannada","Kashmiri","Konkani","Latin","Maithili","Malaysian","Malayalam","Maltese","Manipuri","Marathi","Nepali","Oriya","Pashto","Pennsylvania Dutch","Persian","Polish","Portuguese","Punjabi","Rajasthani","Romanian","Russian","Sanskrit","Scottish","Sindhi","Slovak","Slovenian","Sorbian","Spanish","Swedish","Tamil","Telugu","Turkic","Ukrainian","Urdu","Uzbek","Welsh","Afghan","American","Argentine","Australian","Austrian","Bangladeshi","Bosniak","Brazilian","Breton","Canadian","Chicano","Estonian","Finnish","Greek","Indian","Iranian","Irish","Mexican","Nepali","New Zealander","Nicaraguan","Nigerian","Ottoman","Pakistani","Peruvian","Romani","Romanian","South African","Sudanese","Swedish","Swiss","Turkish","Anarchist","Feminist","Lyric","Modernist","National","Performance","Speculative","Surrealist","War","Women","Lists of authors by name","Not logged in","Talk","Contributions","Create account","Log in","Article","Talk","Read","Edit","View history","Main page","Contents","Featured content","Current events","Random article","Donate to Wikipedia","Wikipedia store","Help","About Wikipedia","Community portal","Recent changes","Contact page","What links here","Related changes","Upload file","Special pages","Permanent link","Page information","Wikidata item","Cite this page","Wikisource","Create a book","Download as PDF","Printable version","Afrikaans","Deutsch","Türkçe"," This page was last edited on 3 May 2019, at 02:09","Text is available under the ","Privacy policy","About Wikipedia","Disclaimers","Contact Wikipedia","Developers","Cookie statement","Mobile view","
						","
						","Jenny Uglow","James Ramsey Ullman","Tomi Ungerer","Harilal Upadhyay","John Updike","Leon Uris","Gen Urobuchi","Jane Urquhart","v","t","e","Afrikaans","Albanian","Arabic","Armenian","Assamese","Belarusian","Bengali","Bosnian","Bulgarian","Chinese","Catalan","Canadian","Croatian","Danish","Dutch","English","French","German","Greek","Gujarati","Hebrew","Hindi","Icelandic","Indonesian","Irish","Italian","Japanese","Kannada","Kashmiri","Konkani","Latin","Maithili","Malaysian","Malayalam","Maltese","Manipuri","Marathi","Nepali","Oriya","Pashto","Pennsylvania Dutch","Persian","Polish","Portuguese","Punjabi","Rajasthani","Romanian","Russian","Sanskrit","Scottish","Sindhi","Slovak","Slovenian","Sorbian","Spanish","Swedish","Tamil","Telugu","Turkic","Ukrainian","Urdu","Uzbek","Welsh","Afghan","American","Argentine","Australian","Austrian","Bangladeshi","Bosniak","Brazilian","Breton","Canadian","Chicano","Estonian","Finnish","Greek","Indian","Iranian","Irish","Mexican","Nepali","New Zealander","Nicaraguan","Nigerian","Ottoman","Pakistani","Peruvian","Romani","Romanian","South African","Sudanese","Swedish","Swiss","Turkish","Anarchist","Feminist","Lyric","Modernist","National","Performance","Speculative","Surrealist","War","Women","Lists of authors by name","Not logged in","Talk","Contributions","Create account","Log in","Article","Talk","Read","Edit","View history","Main page","Contents","Featured content","Current events","Random article","Donate to Wikipedia","Wikipedia store","Help","About Wikipedia","Community portal","Recent changes","Contact page","What links here","Related changes","Upload file","Special pages","Permanent link","Page information","Wikidata item","Cite this page","Wikisource","Create a book","Download as PDF","Printable version","Afrikaans","Deutsch","Türkçe"," This page was last edited on 5 March 2018, at 18:47","Text is available under the ","Privacy policy","About Wikipedia","Disclaimers","Contact Wikipedia","Developers","Cookie statement","Mobile view","
						","
						","Andrew Vachss","Paul Valéry","Chris Van Allsburg","Jack Vance","Janwillem van de Wetering","Hendrik Willem van Loon","Fred Vargas","Mario Vargas Llosa","Martin Vargic","John Varley","Ivan Vazov","Lizzie Velásquez","Nicolaas Vergunst","Jules Verne","Caroline Vernon","David Vernon","Frederick Bert Vickers","Juan José Videgain","Rene Villanueva","Judith Viorst","Joan D. Vinge","Vernor Vinge","A. E. van Vogt","Voltaire","Kurt Vonnegut, Jr.","Vikas Kumar Mishra","v","t","e","Afrikaans","Albanian","Arabic","Armenian","Assamese","Belarusian","Bengali","Bosnian","Bulgarian","Chinese","Catalan","Canadian","Croatian","Danish","Dutch","English","French","German","Greek","Gujarati","Hebrew","Hindi","Icelandic","Indonesian","Irish","Italian","Japanese","Kannada","Kashmiri","Konkani","Latin","Maithili","Malaysian","Malayalam","Maltese","Manipuri","Marathi","Nepali","Oriya","Pashto","Pennsylvania Dutch","Persian","Polish","Portuguese","Punjabi","Rajasthani","Romanian","Russian","Sanskrit","Scottish","Sindhi","Slovak","Slovenian","Sorbian","Spanish","Swedish","Tamil","Telugu","Turkic","Ukrainian","Urdu","Uzbek","Welsh","Afghan","American","Argentine","Australian","Austrian","Bangladeshi","Bosniak","Brazilian","Breton","Canadian","Chicano","Estonian","Finnish","Greek","Indian","Iranian","Irish","Mexican","Nepali","New Zealander","Nicaraguan","Nigerian","Ottoman","Pakistani","Peruvian","Romani","Romanian","South African","Sudanese","Swedish","Swiss","Turkish","Anarchist","Feminist","Lyric","Modernist","National","Performance","Speculative","Surrealist","War","Women","Lists of authors by name","Not logged in","Talk","Contributions","Create account","Log in","Article","Talk","Read","Edit","View history","Main page","Contents","Featured content","Current events","Random article","Donate to Wikipedia","Wikipedia store","Help","About Wikipedia","Community portal","Recent changes","Contact page","What links here","Related changes","Upload file","Special pages","Permanent link","Page information","Wikidata item","Cite this page","Wikisource","Create a book","Download as PDF","Printable version","Afrikaans","Deutsch","Türkçe"," This page was last edited on 29 November 2018, at 19:16","Text is available under the ","Privacy policy","About Wikipedia","Disclaimers","Contact Wikipedia","Developers","Cookie statement","Mobile view","
						","
						","1","2","3","4","5","Bernard Waber","Tad Waddington","Roland C. Wagner","Steven D. Waldman","Howard Waldrop","Christian Walford","Alice Walker","Barbara G. Walker","Elizabeth Walker","Bronwen Wallace","David Foster Wallace","Edgar Wallace","Ian Wallace","Irving Wallace","Lew Wallace","Pamela Wallace","Jill Paton Walsh","Neale Donald Walsch","Sheila Walsh","Kenneth Walton","J.R. Ward","Terry Wardle","Meralda Warren","Pat Warren","Booker T. Washington","Xavier Waterkeyn","Ian Watson","William Watson","Lawrence Watt-Evans","Edwin Waugh","Evelyn Waugh","Gerard Way","Catherine Webb","David Weber","Benjamin Nottingham Webster","Elizabeth E. Wein","Stanley G. Weinbaum","Debra Weinstein","Andy Weir","Alison Weir","Theresa Weir","Denton Welch","H. G. Wells","Martha Wells","Irvine Welsh","K. D. Wentworth","Bernard Werber","Cornel West","Wallace West","Scott Westerfeld","Jeri Westerson","William J. Whalen","Edith Wharton","Dennis Wheatley","Donald J. Wheeler","Evelyn Whitaker","E. B. White","Ellen G. White","James White","Patrick White","Rowland White","Steve White","Theodore H. White","Colson Whitehead","George John Whyte-Melville","Randy Wicker","John Edgar Wideman","Elie Wiesel","Michael Wiesenberg","Kate Douglas Wiggin","Susan Wiggs","Jennifer Wilde","Oscar Wilde","Stuart Wilde","Gene Wilder","Laura Ingalls Wilder","Thornton Wilder","Kate Wilhelm","Gina Wilkins","Eileen Wilks","Mo Willems","Margery Williams","Tad Williams","Tennessee Williams","Walter Jon Williams","Jack Williamson","Michael Z. Williamson","Penelope Williamson","Connie Willis","Dave Willis","A.N. Wilson","Angus Wilson","Brandon Wilson","Clement Wilson","Colin Wilson","Henry Schütz Wilson","Robert Anton Wilson","Robert Charles Wilson","Jacqueline Wilson","William Upski Wimsatt","R. Foster Winans","Gerard Windsor","Harry de Windt","David Wingrove","Kathleen Winsor","William Winter","Adam Wiśniewski-Snerg","Kari-Lynn Winters","Pam Withers","P.G. Wodehouse","Joan Wolf","Gene Wolfe","Thomas Wolfe","Tobias Wolff","Tom Wolfe","Donald A. Wollheim","Barbara Wood","Ellen Wood","Kathleen E. Woodiwiss","Stuart Woods","Sherryl Woods","Jacqueline Woodson","Virginia Woolf","Cornell Woolrich","Jack Womack","Dorothy Wordsworth","William Wordsworth","Jerome J. Workman, Jr.","Herman Wouk","Patricia C. Wrede","David Wright","Douglas E. Wright","Francesca Wright","Melinda Wright","John C. Wright","Patricia Wrightson","Fan Wu","Rudolph Wurlitzer","Edward Wyke Smith","John Wyndham","Garrison W. Wynn","v","t","e","Afrikaans","Albanian","Arabic","Armenian","Assamese","Belarusian","Bengali","Bosnian","Bulgarian","Chinese","Catalan","Canadian","Croatian","Danish","Dutch","English","French","German","Greek","Gujarati","Hebrew","Hindi","Icelandic","Indonesian","Irish","Italian","Japanese","Kannada","Kashmiri","Konkani","Latin","Maithili","Malaysian","Malayalam","Maltese","Manipuri","Marathi","Nepali","Oriya","Pashto","Pennsylvania Dutch","Persian","Polish","Portuguese","Punjabi","Rajasthani","Romanian","Russian","Sanskrit","Scottish","Sindhi","Slovak","Slovenian","Sorbian","Spanish","Swedish","Tamil","Telugu","Turkic","Ukrainian","Urdu","Uzbek","Welsh","Afghan","American","Argentine","Australian","Austrian","Bangladeshi","Bosniak","Brazilian","Breton","Canadian","Chicano","Estonian","Finnish","Greek","Indian","Iranian","Irish","Mexican","Nepali","New Zealander","Nicaraguan","Nigerian","Ottoman","Pakistani","Peruvian","Romani","Romanian","South African","Sudanese","Swedish","Swiss","Turkish","Anarchist","Feminist","Lyric","Modernist","National","Performance","Speculative","Surrealist","War","Women","Lists of authors by name","Not logged in","Talk","Contributions","Create account","Log in","Article","Talk","Read","Edit","View history","Main page","Contents","Featured content","Current events","Random article","Donate to Wikipedia","Wikipedia store","Help","About Wikipedia","Community portal","Recent changes","Contact page","What links here","Related changes","Upload file","Special pages","Permanent link","Page information","Wikidata item","Cite this page","Wikisource","Create a book","Download as PDF","Printable version","Afrikaans","Deutsch","Türkçe"," This page was last edited on 22 August 2019, at 10:52","Text is available under the ","Privacy policy","About Wikipedia","Disclaimers","Contact Wikipedia","Developers","Cookie statement","Mobile view","
						","
						","Malcolm X","Xue Xinran","Qiu Xiaolong","v","t","e","Afrikaans","Albanian","Arabic","Armenian","Assamese","Belarusian","Bengali","Bosnian","Bulgarian","Chinese","Catalan","Canadian","Croatian","Danish","Dutch","English","French","German","Greek","Gujarati","Hebrew","Hindi","Icelandic","Indonesian","Irish","Italian","Japanese","Kannada","Kashmiri","Konkani","Latin","Maithili","Malaysian","Malayalam","Maltese","Manipuri","Marathi","Nepali","Oriya","Pashto","Pennsylvania Dutch","Persian","Polish","Portuguese","Punjabi","Rajasthani","Romanian","Russian","Sanskrit","Scottish","Sindhi","Slovak","Slovenian","Sorbian","Spanish","Swedish","Tamil","Telugu","Turkic","Ukrainian","Urdu","Uzbek","Welsh","Afghan","American","Argentine","Australian","Austrian","Bangladeshi","Bosniak","Brazilian","Breton","Canadian","Chicano","Estonian","Finnish","Greek","Indian","Iranian","Irish","Mexican","Nepali","New Zealander","Nicaraguan","Nigerian","Ottoman","Pakistani","Peruvian","Romani","Romanian","South African","Sudanese","Swedish","Swiss","Turkish","Anarchist","Feminist","Lyric","Modernist","National","Performance","Speculative","Surrealist","War","Women","Lists of authors by name","Articles containing Chinese-language text","Not logged in","Talk","Contributions","Create account","Log in","Article","Talk","Read","Edit","View history","Main page","Contents","Featured content","Current events","Random article","Donate to Wikipedia","Wikipedia store","Help","About Wikipedia","Community portal","Recent changes","Contact page","What links here","Related changes","Upload file","Special pages","Permanent link","Page information","Wikidata item","Cite this page","Wikisource","Create a book","Download as PDF","Printable version","Afrikaans","Deutsch","Türkçe"," This page was last edited on 19 March 2018, at 01:44","Text is available under the ","Privacy policy","About Wikipedia","Disclaimers","Contact Wikipedia","Developers","Cookie statement","Mobile view","
						","
						","Dov Yaffe","David Yallop","Rick Yancey","Agustín Yáñez","Dornford Yates","Richard Yates","William Butler Yeats","Tamar Yellin","Frank Yerby","Jane Yolen","Rebecca York","Banana Yoshimoto","Robert F. Young","Marguerite Yourcenar","Lin Yutang","v","t","e","Afrikaans","Albanian","Arabic","Armenian","Assamese","Belarusian","Bengali","Bosnian","Bulgarian","Chinese","Catalan","Canadian","Croatian","Danish","Dutch","English","French","German","Greek","Gujarati","Hebrew","Hindi","Icelandic","Indonesian","Irish","Italian","Japanese","Kannada","Kashmiri","Konkani","Latin","Maithili","Malaysian","Malayalam","Maltese","Manipuri","Marathi","Nepali","Oriya","Pashto","Pennsylvania Dutch","Persian","Polish","Portuguese","Punjabi","Rajasthani","Romanian","Russian","Sanskrit","Scottish","Sindhi","Slovak","Slovenian","Sorbian","Spanish","Swedish","Tamil","Telugu","Turkic","Ukrainian","Urdu","Uzbek","Welsh","Afghan","American","Argentine","Australian","Austrian","Bangladeshi","Bosniak","Brazilian","Breton","Canadian","Chicano","Estonian","Finnish","Greek","Indian","Iranian","Irish","Mexican","Nepali","New Zealander","Nicaraguan","Nigerian","Ottoman","Pakistani","Peruvian","Romani","Romanian","South African","Sudanese","Swedish","Swiss","Turkish","Anarchist","Feminist","Lyric","Modernist","National","Performance","Speculative","Surrealist","War","Women","Lists of authors by name","Use dmy dates from October 2010","Not logged in","Talk","Contributions","Create account","Log in","Article","Talk","Read","Edit","View history","Main page","Contents","Featured content","Current events","Random article","Donate to Wikipedia","Wikipedia store","Help","About Wikipedia","Community portal","Recent changes","Contact page","What links here","Related changes","Upload file","Special pages","Permanent link","Page information","Wikidata item","Cite this page","Wikisource","Create a book","Download as PDF","Printable version","Afrikaans","Deutsch","Türkçe"," This page was last edited on 9 November 2018, at 20:01","Text is available under the ","Privacy policy","About Wikipedia","Disclaimers","Contact Wikipedia","Developers","Cookie statement","Mobile view","
						","
						","Rachel Zadok","Carlos Ruiz Zafón","Timothy Zahn","Janusz A. Zajdel","Yevgeny Zamyatin","Jessica Zafra","George Zebrowski","Roger Zelazny","Robert Zend","Sarah Zettel","Rafał A. Ziemkiewicz","Aleksandar Ziljak","Richard Zimler","David Zindell","Émile Zola","Charlotte Zolotow","Markus Zusak","Stefan Zweig","Eugeniusz Zytomirski","v","t","e","Afrikaans","Albanian","Arabic","Armenian","Assamese","Belarusian","Bengali","Bosnian","Bulgarian","Chinese","Catalan","Canadian","Croatian","Danish","Dutch","English","French","German","Greek","Gujarati","Hebrew","Hindi","Icelandic","Indonesian","Irish","Italian","Japanese","Kannada","Kashmiri","Konkani","Latin","Maithili","Malaysian","Malayalam","Maltese","Manipuri","Marathi","Nepali","Oriya","Pashto","Pennsylvania Dutch","Persian","Polish","Portuguese","Punjabi","Rajasthani","Romanian","Russian","Sanskrit","Scottish","Sindhi","Slovak","Slovenian","Sorbian","Spanish","Swedish","Tamil","Telugu","Turkic","Ukrainian","Urdu","Uzbek","Welsh","Afghan","American","Argentine","Australian","Austrian","Bangladeshi","Bosniak","Brazilian","Breton","Canadian","Chicano","Estonian","Finnish","Greek","Indian","Iranian","Irish","Mexican","Nepali","New Zealander","Nicaraguan","Nigerian","Ottoman","Pakistani","Peruvian","Romani","Romanian","South African","Sudanese","Swedish","Swiss","Turkish","Anarchist","Feminist","Lyric","Modernist","National","Performance","Speculative","Surrealist","War","Women","Lists of authors by name","Incomplete literature lists","Not logged in","Talk","Contributions","Create account","Log in","Article","Talk","Read","Edit","View history","Main page","Contents","Featured content","Current events","Random article","Donate to Wikipedia","Wikipedia store","Help","About Wikipedia","Community portal","Recent changes","Contact page","What links here","Related changes","Upload file","Special pages","Permanent link","Page information","Wikidata item","Cite this page","Wikisource","Create a book","Download as PDF","Printable version","Afrikaans","Deutsch","Türkçe"," This page was last edited on 6 July 2019, at 03:01","Text is available under the ","Privacy policy","About Wikipedia","Disclaimers","Contact Wikipedia","Developers","Cookie statement","Mobile view","
						","
						"
